"FIDs","p2hh","p2hv","p2hhrhv","p2hvrhh","p2npdi"
15,-4.88516145216796,-9.58766227199349,4.70250081982553,-4.70250081982553,-0.324919373679305
16,-8.05021015482654,-11.7422523741224,3.69204221929587,-3.69204221929587,-0.186537790024652
17,-5.14809154342204,-10.2943472400358,5.14625569661372,-5.14625569661372,-0.333254077855013
18,-4.58188791671952,-8.03934211739713,3.4574542006776,-3.4574542006776,-0.273939559879006
19,-8.65991185918905,-11.5914764328205,2.93156457363149,-2.93156457363149,-0.144758696606897
20,-7.03735005470773,-9.01365397957235,1.97630392486462,-1.97630392486462,-0.123126498544505
21,-6.60912128916263,-10.5931140049101,3.9839927157475,-3.9839927157475,-0.231597385318886
22,-3.52359351294632,-9.27442643865598,5.75083292570966,-5.75083292570966,-0.449353333363858
23,-2.13668559585092,-11.4777821175832,9.34109652173228,-9.34109652173228,-0.68611544118724
24,-1.04167181525349,-10.785732356161,9.7440605409075,-9.7440605409075,-0.823854533056188
25,-7.54183610057457,-15.7560072226223,8.2141711220477,-8.2141711220477,-0.352572167650777
26,-5.31996150462425,-10.4026376250775,5.08267612045329,-5.08267612045329,-0.323272003472475
27,-5.78007126485608,-10.8680738164143,5.08800255155822,-5.08800255155822,-0.305619786872374
28,-9.64533894933466,-13.0918887370761,3.44654978774147,-3.44654978774147,-0.151581795075279
29,-9.53773791523533,-13.3955480283105,3.85781011307517,-3.85781011307517,-0.168218811842831
30,-8.38596911436309,-14.4567719414807,6.0708028271176,-6.0708028271176,-0.265765076628776
31,-9.5895168443584,-13.653758740389,4.06424189603055,-4.06424189603055,-0.174856675480696
32,-8.76554216345531,-13.4056152912086,4.64007312775327,-4.64007312775327,-0.209284207973418
33,-8.57038290459901,-11.1364947304379,2.56611182583893,-2.56611182583893,-0.130214023416709
289,-9.22181964758892,-11.0428067947479,1.82098714715897,-1.82098714715897,-0.0898603856498717
290,0.443882569338612,-10.1586274531699,10.6025100225085,-10.6025100225085,-1.09138326835065
291,-2.67940073847953,-9.28874777683541,6.60934703835588,-6.60934703835588,-0.552244737763597
292,-8.34730064921608,-12.7316523428299,4.38435169361379,-4.38435169361379,-0.207996654068549
293,-4.37694722953414,-15.4721111592547,11.0951639297205,-11.0951639297205,-0.558976839726933
294,-1.37161351730131,-9.09386955136395,7.72225603406264,-7.72225603406264,-0.737878603729614
295,-9.82165559910965,-14.3791610932823,4.55750549417264,-4.55750549417264,-0.188320317950485
296,-5.77050662285663,-13.7685289219436,7.99802229908693,-7.99802229908693,-0.40933557241086
297,-6.15655541228769,-10.304410837081,4.14785542479328,-4.14785542479328,-0.251981284813847
298,-2.03815896375255,-8.16908966447582,6.13093070072327,-6.13093070072327,-0.600644789210684
299,-11.7137818007879,-17.8272543455185,6.11347254473053,-6.11347254473053,-0.206948480562856
300,-3.76493571626435,-13.296933001927,9.53199728566261,-9.53199728566261,-0.558672525448495
301,-4.38611224670929,-12.1859043337847,7.79979208707546,-7.79979208707546,-0.470660408115699
302,NA,NA,NA,NA,NA
303,-3.41267515207677,-11.7446291396696,8.33195398759285,-8.33195398759285,-0.549698932423614
304,-12.0248434285259,-16.3917245330162,4.36688110449026,-4.36688110449026,-0.153673769133564
305,-7.92833882214187,-15.1848294252257,7.25649060308379,-7.25649060308379,-0.313954821140121
306,-9.96862522268417,-20.6214849434845,10.6528597208003,-10.6528597208003,-0.34824522248965
307,-6.05101475001655,-13.2008304115033,7.14981566148676,-7.14981566148676,-0.37138339735755
308,-3.51206917844684,-16.6533612910821,13.1412921126352,-13.1412921126352,-0.651674266636284
309,-7.02560629629987,-18.2390779374241,11.2134716411242,-11.2134716411242,-0.443839770067507
310,-6.09307725177183,-12.4809731750398,6.38789592326792,-6.38789592326792,-0.343915073798174
311,-6.07697046942369,-14.4373041194242,8.36033365000054,-8.36033365000054,-0.407537376658955
312,-9.68838017964093,-16.1633988615898,6.47501868194887,-6.47501868194887,-0.25046704412961
313,-9.80737976785998,-12.9323587305254,3.12497896266537,-3.12497896266537,-0.137423698293068
314,-9.73163575494641,-15.9602108912874,6.22857513634095,-6.22857513634095,-0.242433921629141
315,-11.5031760987323,-12.4525583434478,0.949382244715451,-0.949382244715451,-0.039630688301663
316,-7.08656988107957,-12.6165707235668,5.53000084248725,-5.53000084248725,-0.280665958460611
317,-7.90004475155239,-15.1039644567458,7.2039197051934,-7.2039197051934,-0.313159312359984
318,-10.383309643439,-18.2742944510394,7.89098480760043,-7.89098480760043,-0.275353961258779
319,-11.5798065538139,-17.614412204562,6.03460565074813,-6.03460565074813,-0.20670550223293
320,-7.8202490626476,-10.3003839989754,2.48013493632783,-2.48013493632783,-0.136868007198954
321,-12.5589439826236,-15.4247764936725,2.86583251104898,-2.86583251104898,-0.102410703876081
322,-6.17656611000936,-11.9199135797619,5.74334746975258,-5.74334746975258,-0.317373741645393
323,-9.94443995997348,-13.8031071522358,3.85866719226236,-3.85866719226236,-0.162486979140616
324,-8.5391001671311,-14.7524692699258,6.21336910279472,-6.21336910279472,-0.266764724446144
325,-4.47932806642311,-14.0227830878512,9.54345502142807,-9.54345502142807,-0.515803571919596
326,-7.86423602463765,-14.571212195599,6.70697617096135,-6.70697617096135,-0.298945494875903
327,-6.11667179099598,-13.4344433616079,7.31777157061192,-7.31777157061192,-0.374289216420339
328,-7.92068268269679,-15.6827556919489,7.76207300925211,-7.76207300925211,-0.328853486769536
329,-7.01732613395875,-13.1980198987339,6.18069376477516,-6.18069376477516,-0.305742664744873
330,-8.35695163869573,-16.5804664531435,8.2235148144478,-8.2235148144478,-0.329766088219812
331,-12.8617854889696,-21.3874702615639,8.52568477259425,-8.52568477259425,-0.248930512087447
332,-4.44643471724018,-11.4363878074444,6.98995309020427,-6.98995309020427,-0.440095145515898
333,-9.80928185691567,-12.8240206919219,3.01473883500623,-3.01473883500623,-0.133199246044677
334,-7.20979591819491,-13.84538903508,6.63559311688512,-6.63559311688512,-0.315152449698762
335,-6.64869260880438,-8.84008507154141,2.19139246273703,-2.19139246273703,-0.141482595202961
336,-13.1503797974225,-18.5352745379401,5.38489474051758,-5.38489474051758,-0.169947405331245
337,-5.73116342772583,-8.10944653054867,2.37828310282283,-2.37828310282283,-0.171833691578094
338,-4.15537305886792,-11.1232067783746,6.96783371950664,-6.96783371950664,-0.456052446872197
339,-8.38919927045762,-15.7352839103261,7.34608463986849,-7.34608463986849,-0.30450744104313
340,-13.0752490966653,-16.9101894445302,3.83494034786494,-3.83494034786494,-0.127893422088735
341,-7.52719613479948,-9.58766227199349,2.06046613719401,-2.06046613719401,-0.120390486921949
342,-6.44357144634395,-11.41576439537,4.97219294902607,-4.97219294902607,-0.27840861458087
343,-10.2883146737754,-14.9788854845631,4.69057081078772,-4.69057081078772,-0.18563872456758
344,-10.2382055603099,-15.2735885221191,5.0353829618092,-5.0353829618092,-0.197374710125827
345,-10.6495093022742,-22.8024873257568,12.1529780234826,-12.1529780234826,-0.363296043540167
346,-11.3587327417658,-21.272803386505,9.91407064473921,-9.91407064473921,-0.303818692622012
347,-5.84370444057987,-15.9139887530928,10.0702843125129,-10.0702843125129,-0.462837867179847
348,-1.53736870118014,-15.6491545295885,14.1117858284083,-14.1117858284083,-0.821096020348336
349,-4.25164837045725,-11.9490690408868,7.69742067042955,-7.69742067042955,-0.475128383206022
350,-11.0482899649559,-16.2548092049945,5.20651924003859,-5.20651924003859,-0.190693342452818
351,-3.90550418041875,-11.4214882108246,7.51598403040589,-7.51598403040589,-0.490375661352838
352,-9.13689734923328,-14.5170738848969,5.38017653566361,-5.38017653566361,-0.227453415006296
353,-10.1665525355063,-12.3245588323056,2.15800629679937,-2.15800629679937,-0.0959492957688074
354,-8.58028511692521,-16.9058820357447,8.32559691881949,-8.32559691881949,-0.326671204381052
355,-5.83527329140975,-14.5285296053453,8.69325631393554,-8.69325631393554,-0.426897488549195
356,-8.77904792265932,-11.6688933823389,2.88984545967959,-2.88984545967959,-0.141326963755183
357,-5.91023549911139,-20.7949416529319,14.8847061538205,-14.8847061538205,-0.557371556424281
358,-12.0543538407339,-11.4754772510079,-0.578876589726036,0.578876589726036,0.0246018166245657
359,-5.86542219234235,-10.7506807209372,4.8852585285948,-4.8852585285948,-0.294007479015463
360,-9.53036605853305,-15.3201042111653,5.7897381526323,-5.7897381526323,-0.232983041761268
361,-12.1434914608164,-15.9216753815927,3.77818392077633,-3.77818392077633,-0.13462182291634
362,-7.52427110037613,-16.7395377935352,9.21526669315912,-9.21526669315912,-0.379794727754864
363,-7.12139986454631,-15.8871389955826,8.76573913103631,-8.76573913103631,-0.38097765287592
364,-7.34768135936794,-19.9054358511969,12.5577544918289,-12.5577544918289,-0.460782316929267
365,-8.87418085482473,-14.6955233953589,5.82134254053416,-5.82134254053416,-0.246984114808688
366,-6.73104911470358,-11.1965433680737,4.46549425337014,-4.46549425337014,-0.249084993295115
367,-7.04219033883302,-15.9795429483175,8.93735260948451,-8.93735260948451,-0.388213715188545
368,-4.46800692185946,-17.5864232771059,13.1184163552464,-13.1184163552464,-0.594820008356501
369,-8.62996622265452,-14.0058048885726,5.3758386659181,-5.3758386659181,-0.23749306526835
370,-9.5895168443584,-10.1744848553617,0.58496801100334,-0.58496801100334,-0.0295976503084203
371,-5.35406398124697,-16.6805930908616,11.3265291096147,-11.3265291096147,-0.51403246588084
372,-7.91609223620324,-15.4958755780134,7.57978334181016,-7.57978334181016,-0.323756781230812
373,-7.44204323966522,-12.4088265395767,4.96678329991151,-4.96678329991151,-0.250204819997624
374,-8.73354990025945,-13.8939645668585,5.16041466659902,-5.16041466659902,-0.228059280399449
375,-5.90598648770785,-9.35348762664385,3.447501138936,-3.447501138936,-0.225925291599243
376,-14.5777974041313,-19.4781748188864,4.90037741475506,-4.90037741475506,-0.143891866679495
377,-9.33365476156234,-13.5624360138542,4.22878125229185,-4.22878125229185,-0.184694465695964
378,-8.26251276703155,-15.3596591485026,7.09714638147108,-7.09714638147108,-0.300444277810201
379,-4.09949597515075,-13.3425283278249,9.24303235267418,-9.24303235267418,-0.529928877068316
380,-9.99870877644636,-14.9187277023222,4.92001892587579,-4.92001892587579,-0.197452853148357
381,-6.07078349741334,-10.8508995357066,4.78011603829329,-4.78011603829329,-0.282484669458552
382,-5.22518078634215,-14.0568393731556,8.83165858681346,-8.83165858681346,-0.458025586207223
383,-9.54142619114555,-14.927296204189,5.38587001304349,-5.38587001304349,-0.220112432763159
384,-6.44098943394739,-12.3194778788773,5.87848844492991,-5.87848844492991,-0.313344457092034
385,-4.21310997411496,-10.5153897228909,6.30227974877596,-6.30227974877596,-0.427896926260394
386,-5.97605647651679,-11.4226334266794,5.44657695016264,-5.44657695016264,-0.313045233892126
387,-7.06990096893408,-9.20849568480124,2.13859471586716,-2.13859471586716,-0.131376250459926
388,-8.63328842182986,-11.3837805467811,2.75049212495122,-2.75049212495122,-0.137407336172159
389,-4.34849553003419,-11.8522623588099,7.50376682877567,-7.50376682877567,-0.463173814475853
390,-3.70538157892742,-6.77520454493421,3.0698229660068,-3.0698229660068,-0.292905657157627
391,-4.28079062021668,-8.47034606430341,4.18955544408674,-4.18955544408674,-0.32856329186502
392,-5.23191664525908,-4.56627049032795,-0.665646154931125,0.665646154931125,0.0679356441880454
393,-4.01610451524036,-11.8896470161447,7.87354250090431,-7.87354250090431,-0.495012290703041
394,-5.41922989525526,-12.886149851756,7.46691995650075,-7.46691995650075,-0.407908497922305
395,-6.53834406934394,-9.41144206775762,2.87309799841368,-2.87309799841368,-0.180133951246558
396,-9.09036647019605,-10.7953164933122,1.70495002311617,-1.70495002311617,-0.0857375643695458
397,-7.95749385404204,-15.4757629943465,7.5182691403045,-7.5182691403045,-0.320837568117276
398,-5.85335007137463,-11.6101809130243,5.7568308416497,-5.7568308416497,-0.329648731793849
399,-0.776430595646019,-8.19195661967431,7.4155260240283,-7.4155260240283,-0.82685167867871
400,-6.04854681715776,-10.6915209422811,4.64297412512337,-4.64297412512337,-0.277356949317331
401,-6.6012286128921,-12.502993934556,5.90176532166393,-5.90176532166393,-0.308924653018778
402,-3.54761321880753,-9.19253386167883,5.6449206428713,-5.6449206428713,-0.443081277414562
403,-4.52424316537882,-9.06850416407053,4.54426099869171,-4.54426099869171,-0.334315123245641
404,-7.25716911599258,-10.4118080179456,3.15463890195304,-3.15463890195304,-0.178541116332856
405,-6.38437848787278,-9.8818716363957,3.49749314852292,-3.49749314852292,-0.215015330626499
406,-0.956816335126291,-9.83690905865579,8.8800927235295,-8.8800927235295,-0.822708786777644
407,-9.79787556553512,-14.0661506725694,4.26827510703433,-4.26827510703433,-0.17885812999229
408,-6.06398291441043,-13.8909206244274,7.82693771001701,-7.82693771001701,-0.392231297674959
409,-1.33030593956657,-9.67244878133017,8.3421428417636,-8.3421428417636,-0.758186749898184
410,-7.21685016177121,-7.24654070625013,0.0296905444789246,-0.0296905444789246,-0.00205280661705483
411,-2.43711864492937,-7.44204323966522,5.00492459473585,-5.00492459473585,-0.506614291090872
412,-4.93277327489363,-10.5061093745584,5.57333609966474,-5.57333609966474,-0.360993488078787
413,-4.57407569346339,-8.01532546036371,3.44124976690033,-3.44124976690033,-0.273344992732574
414,-5.24990451529244,-8.2117179460261,2.96181343073366,-2.96181343073366,-0.220019053367773
415,-5.26849360491666,-13.8863567099842,8.61786310506754,-8.61786310506754,-0.449905009091278
416,-5.05735913235812,-7.96056850527346,2.90320937291534,-2.90320937291534,-0.223016247572531
417,-4.00098377135264,-10.2702420729327,6.26925830158005,-6.26925830158005,-0.439293608690978
418,-9.4423883697682,-13.6596836312313,4.21729526146309,-4.21729526146309,-0.182550520199255
419,-5.56737390924893,-10.1161535805728,4.54877967132389,-4.54877967132389,-0.290035495794931
420,-6.51618118694833,-12.0518908066502,5.53570961970188,-5.53570961970188,-0.29813055559082
421,-1.86723805240695,-9.16422951194603,7.29699145953909,-7.29699145953909,-0.661470599172003
422,-4.9850128387784,-9.81879855518123,4.83378571640283,-4.83378571640283,-0.326523054621943
423,-5.81483165065386,-6.86419456831867,1.04936291766481,-1.04936291766481,-0.0827636838619809
424,-2.03116392899192,-12.0642129673748,10.0330490383829,-10.0330490383829,-0.711797145415037
425,-5.28486237861465,-9.82260815596075,4.5377457773461,-4.5377457773461,-0.300364363905982
426,-6.33578239434783,-12.332185839649,5.99640344530114,-5.99640344530114,-0.321213501659003
427,-13.3140032130643,-21.5183062194351,8.20430300637084,-8.20430300637084,-0.235537153293546
428,-5.5901661642707,-10.1378584501177,4.54769228584698,-4.54769228584698,-0.289145801672172
429,-12.2084423330938,-17.7747426241501,5.56630029105631,-5.56630029105631,-0.185647398666748
430,-10.0856612126079,-14.6372900314954,4.55162881888742,-4.55162881888742,-0.184105399632378
431,-4.58814275830383,-13.4923881371328,8.90424537882895,-8.90424537882895,-0.492476987004641
432,-3.01216876561818,-10.38737511959,7.37520635397182,-7.37520635397182,-0.550407268870796
433,-9.30488755782751,-13.454680091503,4.14979253367544,-4.14979253367544,-0.182331782291019
434,-8.83838379063538,-10.1487312579122,1.31034746727687,-1.31034746727687,-0.0690124573389101
435,-5.2364101216335,-8.47197675794155,3.23556663630805,-3.23556663630805,-0.236028255164648
436,-3.47896427076671,-10.9360295864781,7.45706531571135,-7.45706531571135,-0.517313110887212
437,-3.94899412203597,-9.75996241220166,5.81096829016569,-5.81096829016569,-0.423881152125109
438,-2.1107727837867,-10.5515745204866,8.4408017366999,-8.4408017366999,-0.666606398787632
439,-7.43263313288253,-11.8426407686396,4.41000763575703,-4.41000763575703,-0.228790919303553
440,-1.15611758605368,-10.9827192738032,9.82660168774953,-9.82660168774953,-0.809517567555923
441,-7.80362245250348,-14.1128574868794,6.30923503437597,-6.30923503437597,-0.287876294543019
442,-5.12698366028073,-8.71508177964212,3.58809811936139,-3.58809811936139,-0.259216959704056
443,-6.42744644702587,-9.76658527919281,3.33913883216694,-3.33913883216694,-0.206195645940397
444,-6.14282475109412,-11.0132573401502,4.87043258905609,-4.87043258905609,-0.283889559583172
445,-7.45291373831583,-12.7810610265405,5.32814728822471,-5.32814728822471,-0.263326773416708
446,-14.9410234131119,-19.6300503295393,4.68902691642744,-4.68902691642744,-0.135634402082295
447,-8.97900738541721,-12.9269096151408,3.94790222972361,-3.94790222972361,-0.180220815664692
448,-6.21798434585693,-16.5929193436466,10.3749349977896,-10.3749349977896,-0.45482349752604
449,-5.57262835449353,-8.42886648067048,2.85623812617695,-2.85623812617695,-0.203995227638385
450,-2.07126739726719,-13.9673410508602,11.896073653593,-11.896073653593,-0.741714824703632
451,-5.46640779161599,-11.7923015405597,6.3258937489437,-6.3258937489437,-0.366533419573284
452,-7.90921111205984,-12.2764093572555,4.36719824519567,-4.36719824519567,-0.216351944783384
453,-4.20761842086604,-12.679875392279,8.472256971413,-8.472256971413,-0.501688235398095
454,-9.22270863890417,-15.2789430211922,6.05623438228805,-6.05623438228805,-0.247176576759162
455,-7.60507065641093,-10.9870752867521,3.38200463034119,-3.38200463034119,-0.18190501734873
456,-12.4474019825732,-14.4893155900347,2.04191360746151,-2.04191360746151,-0.0758040990687722
488,-5.53010035487662,-15.6417052241249,10.1116048692483,-10.1116048692483,-0.477597663152411
489,-7.22249768449166,-11.6877655019588,4.46526781746718,-4.46526781746718,-0.236129332174849
490,-8.18485353384459,-13.8970095764034,5.71215604255886,-5.71215604255886,-0.258680891826917
491,-2.43345603064863,-6.97535692339416,4.54190089274553,-4.54190089274553,-0.482728364877736
492,-7.35628267015967,-9.43874190051309,2.08245923035342,-2.08245923035342,-0.123992627792268
493,-1.47666121310135,-9.84550091589783,8.36883970279648,-8.36883970279648,-0.739155614223327
494,-4.16877759527858,-9.83023237381965,5.66145477854107,-5.66145477854107,-0.404418226077294
495,-6.92130300272316,-7.33622617849485,0.41492317577169,-0.41492317577169,-0.0291020393854978
496,-3.56798959539881,-12.4242361645021,8.85624656910326,-8.85624656910326,-0.553784488917704
497,-6.03252232310795,-11.6806836510667,5.64816132795872,-5.64816132795872,-0.318867252839129
498,-6.27795039309976,-10.0347518850391,3.75680149193936,-3.75680149193936,-0.230299151414904
499,-8.10397362632453,-14.2783380271604,6.17436440083587,-6.17436440083587,-0.275859102331574
500,-8.62000724242564,-11.5078011731963,2.88779393077061,-2.88779393077061,-0.143472844690299
501,-4.52993866115791,-12.0223887472497,7.49245008609179,-7.49245008609179,-0.452652361279784
502,-9.43874190051309,-11.8667147575486,2.42797285703554,-2.42797285703554,-0.113960141573254
503,-5.26454713891124,-10.9696643269998,5.70511718808855,-5.70511718808855,-0.351425580482815
504,-10.6999477095082,-16.3350860207607,5.6351383112525,-5.6351383112525,-0.208438368062522
505,-4.75555886935169,-8.14392683061669,3.388367961265,-3.388367961265,-0.262674655414619
506,-5.65182886954418,-13.9244628061912,8.27263393664698,-8.27263393664698,-0.422584321569996
507,-10.3894085714635,-14.4275865465612,4.0381779750977,-4.0381779750977,-0.162718248357342
508,-11.370109154182,-12.3042528274102,0.934143673228149,-0.934143673228149,-0.0394580294900655
509,-6.68711701736069,-9.7486206613348,3.06150364397411,-3.06150364397411,-0.186271143031354
510,-6.5638360314943,-12.810572957949,6.24673692645473,-6.24673692645473,-0.322422063550864
511,-5.45833486698699,-13.1447922194633,7.68645735247627,-7.68645735247627,-0.413180930106894
512,-5.34723276607923,-10.6243995098757,5.27716674379647,-5.27716674379647,-0.330408730467779
513,-3.1096977170448,-11.2267240843959,8.11702636735112,-8.11702636735112,-0.566182167333791
514,-7.12000398031059,-9.03102923969342,1.91102525938284,-1.91102525938284,-0.118322167588382
515,-8.15649913552646,-13.9244628061912,5.7679636706647,-5.7679636706647,-0.261218858394356
516,-11.3541863456201,-14.8691963913209,3.51501004570078,-3.51501004570078,-0.134041061024105
517,-7.37638558125477,-11.8944825846136,4.51809700335887,-4.51809700335887,-0.234452177476939
518,-6.90222510755217,-9.03276867889781,2.13054357134564,-2.13054357134564,-0.133702190279943
519,5.88839129317275,-5.52545238706641,11.4138436802392,-11.4138436802392,31.4483883877003
520,-0.988453944208075,-4.85123530796727,3.8627813637592,-3.8627813637592,-0.661470362026587
521,-8.0486567452475,-14.2133461233947,6.16468937814724,-6.16468937814724,-0.276915307868848
522,-7.60211928375662,-14.7878291486326,7.18570986487602,-7.18570986487602,-0.320934632188843
523,-3.56520818224443,-7.29553943693639,3.73033125469196,-3.73033125469196,-0.343469104106971
56,-12.2587371443677,-15.2344227308072,2.97568558643957,-2.97568558643957,-0.108233669754581
57,-7.9298708601806,-14.963376501821,7.03350564164043,-7.03350564164043,-0.307230578974772
58,-3.78107608532338,-6.87504345608419,3.09396737076081,-3.09396737076081,-0.29034653362683
59,-1.663049780522,-8.46219718516356,6.79914740464156,-6.79914740464156,-0.671504352208282
60,-2.48405517379416,-4.62890938899453,2.14485421520037,-2.14485421520037,-0.301541529733063
61,-10.5827104946976,-15.2718044223617,4.68909392766416,-4.68909392766416,-0.181364606634728
62,-6.4126378402236,-8.0408938618654,1.6282560216418,-1.6282560216418,-0.112654543899915
63,-6.03498570645915,-11.2637546111325,5.22876890467333,-5.22876890467333,-0.30226298612946
64,-3.20566560103791,-8.69748967425053,5.49182407321263,-5.49182407321263,-0.461375487944271
65,-4.09259811019393,-11.6441857893293,7.55158767913535,-7.55158767913535,-0.479868550483441
66,-15.6305432311928,-19.9726029950508,4.34205976385803,-4.34205976385803,-0.121957192666794
67,-3.97422125444655,-9.54880744473448,5.57458619028793,-5.57458619028793,-0.412229117773412
68,-6.22553619937256,-9.68462898561241,3.45909278623985,-3.45909278623985,-0.217414008341304
69,-6.89270185067109,-10.246203617632,3.35350176696089,-3.35350176696089,-0.195666040235936
70,-6.44615422651108,-11.6877655019588,5.24161127544775,-5.24161127544775,-0.289050098044634
71,-5.33245020503321,-7.99909375976465,2.66664355473144,-2.66664355473144,-0.200025110502786
72,-11.4478664527493,-13.8212027621935,2.3733363094442,-2.3733363094442,-0.0939225853258076
73,-2.36779170553038,-6.00792683835105,3.64013513282067,-3.64013513282067,-0.434605713378447
74,-1.4163750790475,-6.50967343985582,5.09329836080832,-5.09329836080832,-0.64260247065874
75,-1.46209612267899,-5.1581079461904,3.69601182351141,-3.69601182351141,-0.558292733133622
76,-9.22448689454311,-14.6771793766334,5.45269248209031,-5.45269248209031,-0.228130224070019
77,-5.47968676403684,-9.94443995997348,4.46475319593664,-4.46475319593664,-0.289465541604147
78,-1.16314500523804,-8.01377827659793,6.8506332713599,-6.8506332713599,-0.746506542657872
79,-7.16618701959764,-13.0200127283969,5.85382570879929,-5.85382570879929,-0.289991468521996
80,-5.69555087419641,-10.0445189946234,4.34896812042699,-4.34896812042699,-0.276299162371702
81,-6.49537353600199,-8.03158755064862,1.53621401464663,-1.53621401464663,-0.105749165670879
82,-3.48539146212407,-6.18846931091461,2.70307784879054,-2.70307784879054,-0.279420793022378
83,-11.5008644847099,-13.2713904229113,1.77052593820146,-1.77052593820146,-0.0714721346443418
84,-7.07545371941123,-12.7516490279832,5.67619530857198,-5.67619530857198,-0.286284656961185
85,-4.45978262048698,-10.0827160112331,5.62293339074611,-5.62293339074611,-0.386655246333074
86,-10.5308790386013,-14.7440714256691,4.21319238706781,-4.21319238706781,-0.166694387513191
87,-8.31040421148846,-13.8151667024384,5.5047624909499,-5.5047624909499,-0.248796404502492
88,-5.92968606486143,-11.9199135797619,5.99022751490051,-5.99022751490051,-0.335594502631037
89,-4.36423406073241,-9.45059852705045,5.08636446631803,-5.08636446631803,-0.368181404588005
90,-10.0758477558663,-12.0814934128831,2.00564565701686,-2.00564565701686,-0.0905183361912396
91,-4.69094796623042,-11.3156377576519,6.62468979142147,-6.62468979142147,-0.413872758731878
92,0.154573674229013,-7.18726076136593,7.34183443559495,-7.34183443559495,-1.04395863837358
93,-8.76385541917618,-13.1924015999364,4.42854618076024,-4.42854618076024,-0.201698594478342
94,-2.33957110634179,-9.79407679458541,7.45450568824361,-7.45450568824361,-0.614366408940709
95,-2.69993427076639,-8.92385869451343,6.22392442374704,-6.22392442374704,-0.535446944240822
96,-4.86791256550039,-11.8066544322388,6.93874186673845,-6.93874186673845,-0.416127259417244
97,-5.91023549911139,-12.4448249495806,6.53458945046917,-6.53458945046917,-0.356010238633393
98,-8.00527368861879,-12.9459964937887,4.94072280516995,-4.94072280516995,-0.235819726544246
99,-5.76453406562614,-8.16908966447582,2.40455559884968,-2.40455559884968,-0.172572163955807
100,-3.8949063435964,-5.83888563899271,1.9439792953963,-1.9439792953963,-0.199714489365862
101,-2.4123244462958,-7.31193396493983,4.89960951864403,-4.89960951864403,-0.503854310677605
102,-3.63267625937979,-8.86905794719284,5.23638168781305,-5.23638168781305,-0.418852424894787
103,-15.8603719801374,-21.2799258876324,5.41955390749499,-5.41955390749499,-0.145921121224988
104,-9.63601031602676,-12.8577313980498,3.22172108202304,-3.22172108202304,-0.143227441791371
105,-11.2570100349131,-15.0725254492699,3.81551541435674,-3.81551541435674,-0.14491389020702
106,-4.76034433711943,-11.0823630967591,6.32201875963969,-6.32201875963969,-0.399049138919304
107,-5.62711123210349,-10.5412206157702,4.91410938366671,-4.91410938366671,-0.303934223388232
108,-3.7039685881744,-10.1665525355063,6.46258394733186,-6.46258394733186,-0.465922216599239
109,-7.13467196517223,-11.0581684024575,3.92349643728524,-3.92349643728524,-0.215661565648994
110,-5.80762842455638,-12.0494284708044,6.24180004624797,-6.24180004624797,-0.349542485238404
111,-3.10266353969983,-6.06460092925563,2.9619373895558,-2.9619373895558,-0.323099371637665
112,1.25706379894223,0.126439008934256,1.13062479000797,-1.13062479000797,0.81721900640256
113,-7.24512456707066,-15.7202434050302,8.47511883795951,-8.47511883795951,-0.369039104805784
114,-11.756522732707,-16.8543590593331,5.09783632662604,-5.09783632662604,-0.178178231753917
115,-7.98366314700492,-10.0152505530079,2.03158740600294,-2.03158740600294,-0.112872778872288
116,-3.25740464680206,-8.71843670036289,5.46103205356083,-5.46103205356083,-0.456004041407381
117,-2.73651180242265,-8.36339159423675,5.62687979181409,-5.62687979181409,-0.506930519188801
118,-5.79803340602965,-7.0768424618617,1.27880905583206,-1.27880905583206,-0.0993259328442364
119,-4.76087621854626,-10.3508541563055,5.58997793775926,-5.58997793775926,-0.369909851426534
120,-5.90659336209329,-16.1554954127842,10.2489020506909,-10.2489020506909,-0.464548128478275
121,-7.23946231808392,-15.0725254492699,7.83306313118594,-7.83306313118594,-0.351069712517817
122,-9.80167599860299,-13.5434088657459,3.7417328671429,-3.7417328671429,-0.16027925744905
123,-6.93905579017742,-10.119110143705,3.18005435352761,-3.18005435352761,-0.186424165754602
124,-5.46410047598599,-9.3860394060473,3.92193893006132,-3.92193893006132,-0.264101143909516
125,-2.98351246788789,-7.48269603595861,4.49918356807072,-4.49918356807072,-0.429877119915698
126,-4.18419354291902,-7.52061619199564,3.33642264907662,-3.33642264907662,-0.285047149388879
127,-2.44933852544528,-6.7290473732763,4.27970884783102,-4.27970884783102,-0.466281206200659
128,-1.84743854088865,-7.61540836526812,5.76796982437948,-5.76796982437948,-0.609538533337857
129,-5.6048081043518,-10.8423251128602,5.23751700850839,-5.23751700850839,-0.31844558801453
130,-9.83404699383621,-11.9369090366075,2.10286204277128,-2.10286204277128,-0.0965902480272669
131,-3.74314637597516,-9.54603873951908,5.80289236354392,-5.80289236354392,-0.436662768492717
132,-6.40363625122245,-12.3169385162987,5.9133022650763,-5.9133022650763,-0.31587183291698
133,-11.183163304368,-15.2628894163055,4.07972611193756,-4.07972611193756,-0.154265975154332
134,-5.20668406344498,-12.6389383984056,7.43225433496059,-7.43225433496059,-0.416474928282769
135,-2.4521923063006,-6.30395891902602,3.85176661272541,-3.85176661272541,-0.439892655300929
136,-7.27775432560347,-9.64347242098577,2.36571809538231,-2.36571809538231,-0.139807717892508
137,-7.18304192069137,-14.2576781390384,7.07463621834707,-7.07463621834707,-0.329962622460368
138,-5.13919776085764,-9.34356553345019,4.20436777259255,-4.20436777259255,-0.290301490617125
139,-5.56970882583235,-11.1653552209633,5.59564639513094,-5.59564639513094,-0.334366595758704
140,-4.33126664347439,-8.01919462593085,3.68792798245646,-3.68792798245646,-0.298606497523477
141,-4.53978514072574,-10.9501186238544,6.41033348312864,-6.41033348312864,-0.413839464760703
142,-1.05068891051688,-6.61570400235232,5.56501509183543,-5.56501509183543,-0.725897453350417
143,-4.78324470014633,-6.93632222929315,2.15307752914683,-2.15307752914683,-0.183716475370631
144,-9.4716153656328,-12.6113161017259,3.13970073609315,-3.13970073609315,-0.142177714980188
145,-9.30129834718221,-11.158686591355,1.85738824417284,-1.85738824417284,-0.0907815059371998
146,-15.1109663834757,-17.3158986459641,2.20493226248846,-2.20493226248846,-0.067997083914422
147,-5.23303979643902,-8.58854559271478,3.35550579627576,-3.35550579627576,-0.242772858669956
148,-1.50952224130097,-6.71638037919627,5.2068581378953,-5.2068581378953,-0.632983196873847
149,-7.08935114579691,-11.9393396759512,4.84998853015429,-4.84998853015429,-0.254877677901581
150,-4.95232631135057,-6.38822662629711,1.43590031494654,-1.43590031494654,-0.126616428920297
151,-10.508170817463,-13.7910643223856,3.28289350492255,-3.28289350492255,-0.135102750602174
152,-5.45833486698699,-12.7971460119485,7.33881114496155,-7.33881114496155,-0.402005906808491
153,-5.42267326086549,-14.4373041194242,9.01463085855873,-9.01463085855873,-0.453909422248658
154,-11.5611672985108,-17.4983820308628,5.93721473235207,-5.93721473235207,-0.204312003089143
155,NA,NA,NA,NA,NA
156,-11.321295949265,-17.6824268087436,6.36113085947859,-6.36113085947859,-0.219321185509614
157,-6.02759765131732,-16.6137139181898,10.5861162668724,-10.5861162668724,-0.467557554445284
158,-5.69555087419641,-11.1698038201069,5.47425294591051,-5.47425294591051,-0.324585699212099
159,-2.38072315243448,-11.4639620834217,9.08323893098726,-9.08323893098726,-0.656081288685615
160,-2.51274991293437,-9.339059235223,6.82630932228864,-6.82630932228864,-0.575971924366495
161,-7.63315882710933,-12.2764093572555,4.64325053014618,-4.64325053014618,-0.233217038518825
162,-6.72704609306207,-12.6455281033253,5.91848201026322,-5.91848201026322,-0.305508289722638
163,-11.2144155752807,-16.9231245022269,5.70870892694626,-5.70870892694626,-0.202885856802729
164,-8.23152433404489,-11.0988982048139,2.86737387076903,-2.86737387076903,-0.148334774628176
165,-6.53573373434665,-9.15540328454489,2.61966955019824,-2.61966955019824,-0.166952181160884
166,-1.7352098365613,-9.56173975116826,7.82652991460697,-7.82652991460697,-0.692800286823262
167,-7.98058031125362,-10.7591651070946,2.778584795841,-2.778584795841,-0.148272280856092
168,-10.3914424994995,-18.0111407711484,7.61969827164884,-7.61969827164884,-0.268274832575644
169,-5.33131412633982,-12.5903293451842,7.25901521884434,-7.25901521884434,-0.40504182723969
170,-2.95667876486985,-7.15496856193472,4.19828979706487,-4.19828979706487,-0.415193455762227
171,-7.55209877835999,-16.5102353338469,8.95813655548689,-8.95813655548689,-0.372288761086665
172,-4.82815522304861,-7.84752508183222,3.01936985878361,-3.01936985878361,-0.238201799521639
173,-1.91195266386865,-7.81042040117367,5.89846773730503,-5.89846773730503,-0.606690125738284
174,-4.59648955979955,-13.2515757728105,8.65508621301096,-8.65508621301096,-0.48493133859149
175,-2.82288872007574,-10.5972789005249,7.77439018044912,-7.77439018044912,-0.579306488580296
176,-6.98703289272024,-14.6671898532344,7.68015696051415,-7.68015696051415,-0.354672483543605
177,-11.4455695098196,-19.7966341408298,8.35106463101017,-8.35106463101017,-0.26730075523455
178,-12.3729767083388,-16.2668035309116,3.89382682257279,-3.89382682257279,-0.135958683692564
179,-6.35493259605984,-18.334999809178,11.9800672131181,-11.9800672131181,-0.485220737606258
180,-8.20855311099817,-11.2648792165122,3.05632610551403,-3.05632610551403,-0.156948505744225
181,-10.5993620974741,-19.2045808730625,8.60521877558847,-8.60521877558847,-0.288727527901103
182,-3.19499934144366,-6.41649852165824,3.22149918021458,-3.22149918021458,-0.335171398474921
183,-4.71895761301612,-9.73729370084492,5.0183360878288,-5.0183360878288,-0.34713951624631
184,-4.9784656854749,-8.4199458145562,3.4414801290813,-3.4414801290813,-0.256857324397994
185,-4.0165927196998,-12.2009231668721,8.18433044717226,-8.18433044717226,-0.504659930929921
186,-3.3926594763045,-12.4809731750398,9.08831369873525,-9.08831369873525,-0.572541515754783
187,-3.10925791403005,-11.6008236380681,8.49156572403807,-8.49156572403807,-0.577261634747829
188,-2.41800866352914,-16.5763194539537,14.1583107904246,-14.1583107904246,-0.745396768069565
189,-7.7336867700362,-12.3500082781067,4.61632150807054,-4.61632150807054,-0.229854192518094
190,-4.34038356153604,-10.8788250117937,6.53844145025766,-6.53844145025766,-0.429617704413072
191,-6.90086400285017,-10.4916929569118,3.59082895406166,-3.59082895406166,-0.206457794697416
192,-6.38437848787278,-12.4939198008352,6.10954131296243,-6.10954131296243,-0.323627756036509
193,-8.67826292450336,-9.08511449605354,0.406851571550177,-0.406851571550177,-0.0229039535623075
194,-4.24112092955872,-10.4762733014543,6.23515237189561,-6.23515237189561,-0.423658717978531
195,-6.52595195887903,-11.1254200258418,4.59946806696274,-4.59946806696274,-0.260572836544609
196,-5.32506834826265,-8.85541161345412,3.53034326519148,-3.53034326519148,-0.248957953096256
197,-6.06954663167426,-10.5702427083874,4.50069607671314,-4.50069607671314,-0.270477948051743
198,-3.79534253742976,-9.38060563068206,5.58526309325229,-5.58526309325229,-0.423898380745732
199,-7.02284536505029,-11.0230959928594,4.00025062780912,-4.00025062780912,-0.221670377204001
200,-4.83351721447642,-13.0200127283969,8.18649551392052,-8.18649551392052,-0.45853652135545
201,-1.70185945680728,-14.3310041247681,12.6291446679608,-12.6291446679608,-0.787703619113553
202,-3.73368977227777,-11.5728121449232,7.83912237264543,-7.83912237264543,-0.512143297995218
203,-4.29287814108854,-10.6978402511361,6.40496211004758,-6.40496211004758,-0.427261852465302
204,-6.08687880032912,-12.8888612267236,6.80198242639445,-6.80198242639445,-0.358456767256361
205,-4.42901065996672,-13.1475855591362,8.71857489916944,-8.71857489916944,-0.496033179034617
206,-5.45430121663642,-13.4778656631962,8.02356444655975,-8.02356444655975,-0.423805922348319
207,-8.32161697975218,-12.7596606100775,4.4380436303253,-4.4380436303253,-0.210520620081696
208,-9.73352132743575,-14.5383608340554,4.80483950661963,-4.80483950661963,-0.197959081815369
457,-11.4306541682911,-14.7172527563105,3.2865985880194,-3.2865985880194,-0.125692606964543
458,-7.68513917157911,-12.2688311485694,4.58369197699029,-4.58369197699029,-0.229713280286977
459,-6.94452549416049,-13.3511041616347,6.40657866747421,-6.40657866747421,-0.315662966664593
460,-3.50608256180634,-15.2060490358723,11.6999664740659,-11.6999664740659,-0.62526101919449
461,-5.22742549229548,-12.4861495098998,7.25872401760431,-7.25872401760431,-0.409783119257672
462,-1.80343236718035,-10.5536467833231,8.75021441614277,-8.75021441614277,-0.708113487788597
463,-5.62006195025729,-16.6345583957675,11.0144964455102,-11.0144964455102,-0.494930772767716
464,-10.2632239820024,-15.3524539306377,5.08922994863528,-5.08922994863528,-0.198676371790417
465,-7.91073977972272,-13.3382435840212,5.42750380429844,-5.42750380429844,-0.255424163659478
466,-6.63152289815842,-10.4260923457195,3.79456944756112,-3.79456944756112,-0.222456034639602
467,-5.82925604860722,-6.90630970186119,1.07705365325397,-1.07705365325397,-0.0845705384713165
468,-7.72245937008691,-15.2237717305295,7.50131236044263,-7.50131236044263,-0.326908254673732
469,-2.01719073682071,-9.10789602132863,7.09070528450792,-7.09070528450792,-0.637361796690156
470,-2.77197480150511,-6.19662301518488,3.42464821367977,-3.42464821367977,-0.381848788815875
471,-10.1053214510562,-11.2795123522605,1.17419090120433,-1.17419090120433,-0.0549076467932249
472,-5.93394668843352,-7.913797922396,1.97985123396248,-1.97985123396248,-0.142972829843652
473,-6.92812670457312,-14.8250278763151,7.896901171742,-7.896901171742,-0.363023263700798
474,-7.62575839244673,-13.3368158056604,5.71105741321368,-5.71105741321368,-0.272440653482785
475,-2.39610429286498,-8.38758404225435,5.99147974938937,-5.99147974938937,-0.555605796754796
476,-8.77398080167669,-18.4783176804835,9.70433687880684,-9.70433687880684,-0.356092418595791
477,-6.99872457854644,-11.2110617340762,4.21233715552977,-4.21233715552977,-0.231322712041374
478,-11.2021244834993,-16.1772472251807,4.97512274168137,-4.97512274168137,-0.181710624868142
479,-7.86727783508303,-14.5252550003534,6.65797716527038,-6.65797716527038,-0.297330240138537
209,-12.7156880749484,-17.9623709089495,5.24668283400109,-5.24668283400109,-0.171023950268658
210,-7.15006503928612,-12.8780208014312,5.72795576214507,-5.72795576214507,-0.285996165969095
211,-6.89814243314655,-15.0725254492699,8.17438301612331,-8.17438301612331,-0.372058922371925
212,-7.0768424618617,-13.9092003007036,6.83235783884193,-6.83235783884193,-0.325566754825708
213,-6.02575161901154,-11.34283075551,5.31707913649846,-5.31707913649846,-0.306132015949571
214,-9.96668792154129,-16.3957843085694,6.42909638702815,-6.42909638702815,-0.243873045399929
215,-3.84163176023782,-13.6582020295837,9.81657026934586,-9.81657026934586,-0.560952200303497
216,-5.81723405410938,-9.32825364854466,3.51101959443528,-3.51101959443528,-0.231819513730154
217,-4.92084582953659,-13.9520030817712,9.03115725223458,-9.03115725223458,-0.478526442651884
218,-8.16751484992375,-15.5123660389824,7.34485118905862,-7.34485118905862,-0.310172640796501
219,-1.31204961717701,-10.8252016186242,9.51315200144722,-9.51315200144722,-0.783797897615095
220,-0.923241679487802,-11.216652189079,10.2934105095912,-10.2934105095912,-0.847899546819219
221,-2.18795319771854,-15.1601385548057,12.9721853570872,-12.9721853570872,-0.747758632023585
222,-7.47833126720441,-13.2459227367255,5.76759146952107,-5.76759146952107,-0.278301523829392
223,-8.96001050220727,-14.3920481722607,5.4320376700534,-5.4320376700534,-0.232614937542639
224,-16.2628035816638,-17.5864232771059,1.32361969544205,-1.32361969544205,-0.0391033952109049
225,-11.6854042433775,-19.3860159740793,7.70061173070184,-7.70061173070184,-0.247835846472683
226,-13.3282540606221,-19.5479413758028,6.21968731518069,-6.21968731518069,-0.189185130232242
227,-6.38822662629711,-12.8428825660834,6.45465593978628,-6.45465593978628,-0.335636175491305
228,-6.96369662837125,-10.29233591905,3.32863929067878,-3.32863929067878,-0.192897137944736
229,-18.9665964070684,-25.360900573208,6.39430416613962,-6.39430416613962,-0.144251415075044
230,-15.3452546847734,-22.7095892248415,7.36433454006813,-7.36433454006813,-0.19351897901774
231,-15.9082282424552,-22.8535809415451,6.94535269908992,-6.94535269908992,-0.179180302604574
232,-5.2139659498738,-9.2067206996846,3.9927547498108,-3.9927547498108,-0.276876881582686
233,-7.57854433557611,-15.4721111592547,7.89356682367857,-7.89356682367857,-0.342444353716914
234,-11.2705044285721,-15.3740875399235,4.10358311135141,-4.10358311135141,-0.154011857873578
235,-11.4639620834217,-19.7487118695396,8.28474978611787,-8.28474978611787,-0.265429030483043
236,-8.6407680191674,-14.5531285728999,5.91236055373254,-5.91236055373254,-0.254910188560324
237,-11.8234295036598,-17.4066611190309,5.58323161537112,-5.58323161537112,-0.191009726498658
238,-5.17482766191722,-12.0371272513031,6.86229958938587,-6.86229958938587,-0.398693793005175
239,-7.12209789079638,-15.1954327506174,8.07333485982102,-8.07333485982102,-0.36174857288376
240,-12.0420456487381,-23.0522723120537,11.0102266633157,-11.0102266633157,-0.313732458787675
241,-8.62332563392276,-14.8674934426559,6.24416780873312,-6.24416780873312,-0.265813115684792
242,-8.77989273028903,-15.9043900233746,7.12449729308554,-7.12449729308554,-0.288624845379724
243,-7.41528736648273,-15.9447761655234,8.52948879904066,-8.52948879904066,-0.365131232941821
244,-9.89434929645573,-15.5380802584255,5.64373096196974,-5.64373096196974,-0.221910806822093
245,NA,NA,NA,NA,NA
246,-8.39081479908462,-14.3054291644048,5.91461436532022,-5.91461436532022,-0.260598818678316
247,-11.9880958502134,-18.5821550156096,6.59405916539617,-6.59405916539617,-0.215701833600856
248,-16.1397100569846,-19.7487118695396,3.60900181255498,-3.60900181255498,-0.100561730464043
249,-5.50804462593601,-15.7635552479837,10.2555106220477,-10.2555106220477,-0.482122204386779
250,-0.248487326359182,-12.1921590252324,11.9436716988733,-11.9436716988733,-0.960052344655326
251,-4.88624064576295,-11.6055010154768,6.71926036971387,-6.71926036971387,-0.40743182301394
252,-9.10351031578831,-15.6045542280607,6.50104391227242,-6.50104391227242,-0.263114251653953
253,-7.76745630876835,-12.8658414729976,5.09838516422926,-5.09838516422926,-0.247095021753372
254,-2.61518099208298,-10.9522881978979,8.33710720581492,-8.33710720581492,-0.614492436951439
255,-4.82279653965446,-13.1966149833021,8.37381844364765,-8.37381844364765,-0.464710983096173
256,-8.12666957107574,-12.342365611852,4.21569604077631,-4.21569604077631,-0.205954799681639
257,-0.147205843351671,-12.3067884834311,12.1595826400794,-12.1595826400794,-0.97636005935299
258,-6.59859931375348,-11.546052300346,4.94745298659255,-4.94745298659255,-0.272667290164341
259,-5.04306136840857,-13.4431104732248,8.40004910481626,-8.40004910481626,-0.454396355112214
260,-11.6195482794087,-20.9170889889198,9.2975407095111,-9.2975407095111,-0.285756042729142
261,-8.99804590773893,-13.8909206244274,4.89287471668851,-4.89287471668851,-0.213765645985477
262,-10.7846681045346,-19.5304471309401,8.74577902640554,-8.74577902640554,-0.288495655004842
263,-8.33926634132841,-15.7277604021571,7.38849406082871,-7.38849406082871,-0.306996545089585
264,-6.00178883397008,-9.69213299440577,3.69034416043569,-3.69034416043569,-0.235144803242441
265,-7.8414563377334,-20.6545740868847,12.8131177491513,-12.8131177491513,-0.449645707076515
266,-9.88954807493164,-17.9090384578205,8.01949038288889,-8.01949038288889,-0.288485544883383
267,-5.586070840215,-14.9650983552587,9.37902751504375,-9.37902751504375,-0.456374400202467
268,-10.9025245889473,-14.9204407266129,4.01791613766562,-4.01791613766562,-0.155594684365879
269,-8.17460376500711,-15.8680112855006,7.69340752049348,-7.69340752049348,-0.31999046294804
270,-5.63240195046561,-14.5992338773364,8.96683192687084,-8.96683192687084,-0.443208448550104
271,-8.24025347333138,-14.4211141992885,6.18086072595713,-6.18086072595713,-0.272748795008742
272,-9.37336588061669,-19.6418437999704,10.2684779193537,-10.2684779193537,-0.35389983503114
273,-9.22270863890417,-20.934190568845,11.7114819299408,-11.7114819299408,-0.388351662061179
274,-8.77735855386317,-19.5479413758028,10.7705828219396,-10.7705828219396,-0.380246029121805
275,-11.9199135797619,-19.1319419387517,7.21202835898971,-7.21202835898971,-0.232257565242431
276,-10.3812776187162,-18.5093387478783,8.12806112916212,-8.12806112916212,-0.281339138840956
277,NA,NA,NA,NA,NA
278,-6.22553619937256,-11.5961487780855,5.37061257871292,-5.37061257871292,-0.301352682729271
279,-8.70000065175915,-12.0518908066502,3.35189015489105,-3.35189015489105,-0.161522151443827
280,-2.54483611526462,-12.77035422748,10.2255181122154,-10.2255181122154,-0.667671630804092
281,-3.89683226148412,-13.4778656631962,9.58103340171205,-9.58103340171205,-0.55143596989404
282,-10.3124701182327,-17.4983820308628,7.18591191263017,-7.18591191263017,-0.258385175474168
283,-6.92676153527552,-10.74644163367,3.81968009839446,-3.81968009839446,-0.216128341980825
284,-5.96505161733472,-13.5800366067825,7.61498498944781,-7.61498498944781,-0.389611185282421
285,-5.90173955384289,-13.3539646555311,7.45222510168826,-7.45222510168826,-0.38701389576084
286,NA,NA,NA,NA,NA
287,-11.0439031519141,-15.5233770985234,4.47947394660926,-4.47947394660926,-0.168608675949639
288,-9.99968095056323,-11.8811912436298,1.88151029306654,-1.88151029306654,-0.0859888160018538
