"FIDs","Radius","YDH","YDMZGUID","AveDBH","AveHt.1","BasalArWtHt.1","CrownArWtHt","Den","AveBasalAr","AveHt.2","BasalArWtHt.2","AveAGB"
15,15,43312712441551,"ac46aa3b-4cc4-4374-883e-01d70d63693e",24.9,17.6,19.6,18.4,2249.39,0.01,7.91,9.52,66.9125
16,15,43312712453552,"a78d641b-70ef-4edc-89a3-931219ba1066",26,20.4,21.8,20.6,749.8,0.02,15.47,18.18,134.415
17,15,43312712441553,"32376bf1-fd9a-497e-b661-c9a372efd076",19.1,17.1,18.8,18.6,1061.03,0.02,13.2,13.98,102.8625
18,15,43312712451160,"2b36336a-712a-4d6c-aa57-ce5e1c46b773",28.4,19.9,22,20.3,947.86,0.02,12.6,14.57,116.3725
19,15,43312712453161,"5e9f9253-e558-429b-8e93-81e1b320a12b",25.1,20,20.8,20.1,763.94,0.03,17.08,18.79,167.44
20,15,43312712453162,"5e9f7797-2e5e-4de8-9cb7-b168d0b6cee8",20.7,16.3,19.8,17.8,381.97,0.05,14.37,17.23,136.1175
21,15,43312712433657,"4ccd2452-b23c-4f86-b3f3-232805a6f11e",12.9,10.9,13.5,12.7,339.53,0.11,26.3,26.93,302.0025
22,15,43312735451658,"812617c5-96a4-4fc1-9c52-3170c5804eaf",26.1,19.2,21.9,21.1,297.09,0.05,18.35,21.05,73.4075
23,15,43312712441659,"17f2ffb6-f07f-4ad5-8cae-f7f4f929c658",23.7,14.4,17.2,14.5,1160.06,0.02,14.15,15.34,140.3275
24,15,43312712452660,"e5814cf4-0590-46f0-8372-26e96e17e64e",26.7,19.7,21.5,19.7,367.82,0.05,17.6,19.65,152.605
25,15,43312537423202,"aae0eb7b-36b6-41e3-aac3-22616ebad49e",6.4,6.4,6.8,6.6,778.09,0,6.36,6.78,10.6475
26,15,43312536423203,"283e27f1-409e-4e2d-a635-a905f4f5df64",7.3,6.7,7.1,7,1301.53,0,6.68,7.13,17.77
27,15,43312512442204,"a45ce21f-ea12-4baa-a51e-58701dfec13b",30,14.3,18.2,15,339.53,0.09,14.34,18.17,206.7875
28,15,43312512453205,"75fb67a2-ae84-4944-bcff-95989facfa18",19.4,14.8,22,15.4,834.68,0.04,14.84,22.04,318.965
29,15,43312535423206,"78f56919-aafc-4b6e-9e3d-bc0ae69a28cb",11.2,8.3,10.8,9.8,806.39,0.01,8.27,10.77,42.0475
30,15,43312523441207,"8d298e20-dacd-45c1-a1e8-f8cd7f5376e7",15.9,12.2,14.2,13,297.09,0.02,12.21,14.16,31.2425
31,15,43312523441208,"089ef4c7-ec3a-4dea-843e-e757cd45d312",13.2,10.2,13.7,10.9,466.85,0.02,10.22,13.68,36.5025
32,15,43312523443209,"2f378473-5cb2-42a2-a057-78b7023ded1e",15.3,14.5,14.9,14.9,877.12,0.02,14.5,14.95,74.83
33,15,43312512451210,"a0a12251-6a86-444d-aedf-1c251368aca9",29.2,21.7,23.3,23.2,113.18,0.07,21.68,23.29,76.73
56,15,43312723422554,"a124e954-9a8a-4679-958d-423bf6961656",10.2,9,9.9,9.5,452.71,0.05,19.96,20.78,189.43
57,15,43312723431661,"2792f365-0fe7-4ebb-beaf-d8be8742dcd0",14.6,10.9,12,11.4,1004.44,0.02,9.48,10.53,56.7575
58,15,43312706431662,"dff716a6-8625-4e42-910e-933d9fc9320d",12.6,10.4,11.9,11.5,481,0.01,10.41,11.93,23.7825
59,15,43312736441106,"b2a1133b-fd74-4703-9397-6aadb3f5c44f",22.7,16.8,17.3,16.8,820.53,0,5.25,6.33,53.655
60,15,43312737431107,"e4a5abc3-8ae2-49df-b0d7-cb595b6c2c7a",17.1,10.8,12.9,11.4,877.12,0.03,21.39,25.43,203.6825
61,15,43312731451108,"00cde427-513d-4e8d-b216-7a20c156d5b0",36.8,20.9,22.7,21.5,198.06,0.06,13.57,15.9,57.225
62,15,43312736451109,"b8ef8bc8-658f-4c13-b2a4-4acdf33f2886",32.6,20.8,24,23.1,339.53,0.03,15.01,17.36,42.7125
63,16,43312731443110,"4a314694-8e23-4c68-af57-cf042f80b528",20.5,16.8,19.1,18,127.32,0.11,15.19,18.18,89.4375
64,16,43312731443111,"f62512da-e1b6-4f25-9725-b4a059716db1",21,16,19.8,18.1,183.91,0.1,16.96,18.17,91.5575
65,15,43312708452112,"e92ec7b7-ee79-4207-b821-f70ae1edaf38",41.2,23.8,24.1,23.6,240.5,0.02,9.64,10.58,8.87
66,15,43312731452114,"0f74cd7f-d4aa-47cf-a462-fc6bacaee8fe",26.7,19.2,21.8,21,679.06,0.04,17.88,23.66,237.705
67,15,43312731452115,"9cd5b418-f67b-4cf1-90ee-6af5742fd816",35.3,20.8,22.6,22.2,113.18,0.11,20.88,22.7,108.005
68,15,43312731452116,"992fd4ad-9c32-4b9b-a703-4243bba6da4b",28.6,18.7,23.1,21.8,70.74,0.05,14.58,19.59,27.5725
69,15,43312737452117,"318ba6f2-babb-463e-a749-6142b08f7d6e",26.7,16.9,21.2,19.1,169.77,0.03,15.4,17.69,18.695
70,15,43312737452118,"928c8e90-853c-4cb7-aa8c-5a1d384e24a7",27.9,21.2,24.4,23.3,325.38,0.05,16.09,19.16,94.8675
71,16,43312706443119,"aee08c06-09e3-4f0b-81b1-44828f251101",22.9,19,20.8,20.2,976.15,0.05,19.02,20.79,209.99
72,15,43312731441121,"1adba87e-5a2b-4c6d-847e-d17459ac8235",30.3,19.8,20.9,19.9,353.68,0.03,14.97,18.2,65.055
73,15,43312736451122,"57c38074-93b2-47e3-882e-678395023a94",27.9,19.7,21.7,19.9,198.06,0.05,14.95,19.89,55.4375
74,15,43312731441123,"b715301e-d380-41d5-8cfe-083d812eff64",30.9,19.3,20.4,19.8,141.47,0.05,13.15,15.55,47.925
75,16,43312706442124,"a0d8dccc-ced5-4217-af70-75ce52f382ec",22.7,16.3,18.7,17.8,452.71,0.05,16.29,18.67,83.65
76,15,43312707452125,"5392605c-86c8-4f3a-986f-66a98e8f5564",24.6,18.2,21.2,19.3,198.06,0.07,21.77,25.03,91.1
77,15,43312706442126,"8a432d73-4e18-404f-adb5-83435e9c351e",22.1,17.8,19.9,18.7,721.5,0.04,17.76,19.93,116.7075
78,15,43312706453127,"f364ef1e-0901-4927-b9d7-c8d8c34eb1f3",22.7,19.7,24.1,20.9,565.88,0.04,18.04,20.29,91.9475
79,15,43312706452128,"79ecb523-b051-41f6-9d48-d3a167b924a0",20.7,18,20.3,19.1,353.68,0.04,16.61,18.64,52.17
80,15,43312706452129,"3297bb32-7a6a-4390-889a-bcbc4a8aa0f7",19,18.6,23.5,21.3,325.38,0.06,18.91,19.85,65.155
81,15,43312731431130,"0e48656a-017e-4e02-be36-2afe3669bdf8",24.7,12.8,15.1,13.2,1145.92,0.02,12.1,13.8,115.7525
82,15,43312731431131,"59472573-2a40-442e-afb1-067ec279940b",29.8,15.7,16.9,17,1244.95,0.02,13.69,14.72,125.45
83,15,43312731432132,"2c3b823c-b178-46a4-8ee5-58e2fcab2ed9",30.9,13.3,13.9,12.9,424.41,0.01,5.76,9.69,10.4425
84,15,43312731451133,"187ccfad-3f6c-46aa-8e9b-9632954e4467",22.2,14.6,19.6,18.2,325.38,0.06,18.59,22.09,138.585
85,17,43312731442134,"4f96e191-326d-499e-9722-0cb00a5e8a6c",33,17,18.2,18.1,212.21,0.08,14.52,16.37,109.705
86,16,43312731442135,"48e9dd46-628e-4f48-885b-187142dbadf6",25.9,14.4,18.4,17.5,297.09,0.05,14.57,16.53,89.3025
87,15,43312731431136,"05d590a2-94e0-4f13-8ff2-689b80f083ac",22.3,11.8,12.5,12.5,495.15,0.01,6.44,16.82,29.4975
88,16,43312731441137,"640f06cb-2243-4794-88a5-9a0de3dda246",32.2,15.2,18.2,16.9,212.21,0.08,14.61,16.79,117.645
89,17,43312731442138,"e07e0860-6873-4e9c-9d3f-dce300a179c7",25.3,13.6,15.9,15.3,438.56,0.08,19.81,20.86,186.585
90,17,43312737443139,"a5758549-eabf-40cd-b5a3-5094ed7ae94a",22.2,17,17.5,16.7,481,0.02,12.98,21.26,65.43
91,16,43312736443140,"38fcc1a8-bec1-4dea-a846-8615c225ef80",20.6,15.6,16.6,16.5,381.97,0.04,14.01,18.95,82.6
92,15,43312731443604,"aec3479c-f58b-41be-9ec2-4422886bbb56",20.6,17.9,23.7,20,297.09,0.06,14.45,18.37,114.39
93,15,43312731453605,"bda4aac2-9d35-4866-9ce4-e3c441660250",20,15.1,19.7,17.6,523.44,0.05,14.75,19.51,151.2375
94,15,43312736441606,"0432a982-d1f7-4b29-bed5-568c991a7936",18.5,15,17.4,14.3,353.68,0.02,8.24,13.24,21.315
95,15,43312736441607,"41cc04bf-ea52-4572-874d-e47e2624fbca",22.6,14.9,19.9,18.8,622.47,0.01,8.29,9.77,24.41
96,15,43312737441608,"7a8d331c-978c-4007-b312-f3cbd33812c9",27.7,17.6,22,19,381.97,0.02,7.47,10.62,18.3725
97,15,43312736451609,"1981f03b-4e5e-4613-b463-c0022315f3f2",46.6,27.2,27.8,30,650.77,0.03,17.16,20.41,149.685
98,15,43312736451610,"e6844a66-9a89-4038-94cd-39aebb7d20cf",40.9,27.2,28.9,28,537.59,0.04,15.57,16.6,96.21
99,15,43312706453611,"0871c098-0cf4-4f3f-870c-ca1f37e64c5f",30.1,25.3,26.1,26.3,481,0.03,18.59,23.46,82.52
100,15,43312736441612,"6d1384be-5a0e-45fb-82b2-715e732cc10c",23.6,17.5,22.3,20.9,933.71,0.01,8.11,9.25,28.9775
101,15,43312737443613,"c35ec839-5d15-4691-8fdb-99b62d79c77e",26.4,15.5,23,20.7,735.65,0.01,10.77,11.9,41.865
102,15,43312737432614,"26bceec4-97f2-4354-a8d8-d6a0de94133c",14.6,13,21.3,18.8,650.77,0.01,5.93,6.53,25.87
103,15,43312737452615,"0d037827-c07b-42e9-922a-81896d52104c",18.1,15.1,22.1,19.4,325.38,0.04,12.89,17.83,72.1175
104,15,43312737442616,"617c6ea3-33b5-480d-9fd1-ba3f13cc2a26",18.4,12.9,17.8,14.7,933.71,0.01,10.43,11.72,36.4525
105,15,43312737453617,"f12d5b83-788b-4900-b456-cddffca7a7e9",39.1,17.5,24.6,24.4,424.41,0.04,17.02,17.53,101.78
106,15,43312736453618,"67274ac2-3bf4-4cb7-b501-40f4141e3a2c",19.6,21.4,25.4,25.9,169.77,0.08,21.58,23.11,86.165
107,15,43312736442619,"eca000c6-d2a1-414e-801c-81e975dafa3d",19.5,17.2,20.4,20.3,297.09,0.04,14.27,15.4,44.36
108,15,43312736452620,"c056145c-cd72-44f8-9db0-fbb8d8a7b57e",51.8,32.7,35.4,30.5,311.24,0.11,23.77,30.84,325.94
109,15,43312706453621,"fbe1ae31-ad91-46d0-803b-9daca2cefc00",47.9,35.4,36.3,35.5,523.44,0.05,21.5,22.82,110.57
110,15,43312707441622,"d2c95954-466e-43ee-abbc-60ddf85572a7",20.9,15.6,20.4,18.1,297.09,0.05,15.34,18.34,68.2925
111,15,43312736451623,"59a98594-29a8-4494-8c04-5c4a79ea3365",30.3,21.6,23.1,21.7,650.77,0.03,18.04,22.24,135.845
112,15,43312707452624,"271731a0-e8dd-4790-8492-f2e23f9b58c5",30.2,20.7,22.9,20.6,325.38,0.08,24.2,27.09,164.9725
113,15,43312735441625,"1029b86c-0c62-484b-ae7f-b82e5672b618",23.3,18.4,21.1,19,481,0.01,6.44,6.95,14.995
114,15,43312706452626,"f36fcb27-b0c1-4561-adba-5ea32e587384",24.1,21.5,22.8,22.7,481,0.04,20.78,23.22,75.0925
115,15,43312735451627,"f89d5cfa-278f-45c1-8b1f-9cb952140a46",23.4,19.8,23.4,22.1,1075.18,0.02,11.95,14.65,75.075
116,15,43312737453628,"3e77b592-a468-4b38-83be-0a83a46fee73",28.2,20.6,23.4,22.8,282.94,0.07,15.54,23.01,168.34
117,15,43312706453629,"1bc65041-7f3b-4569-9b20-5b0e82e40988",21.6,19.8,22.1,21,551.74,0.04,19.61,24.47,97.71
118,15,43312737453630,"f2fcabf2-eb2f-4470-a224-f1bd9c7e53b2",41.6,23.8,28.3,27.7,113.18,0.13,20.91,30.17,154.635
119,15,43312706441631,"8f9a2257-aebd-4033-8056-791c3bc4fbfd",22.5,16.7,22.1,19.3,240.5,0.05,16.66,22.11,46.545
120,15,43312706452632,"7b5ffb3a-a872-4a23-90b4-bd1c1c47cc5a",20.6,19.6,24.5,22.3,537.59,0.04,20.68,22.8,78.475
121,15,43312708453633,"93b7f177-c31d-43d0-a8dc-8f7693bb821f",33.6,27.4,31.5,30.5,56.59,0.36,38.43,39.06,272.12
122,15,43312731432634,"80c8509c-8992-4f63-9ffc-3c7f649b8169",23.5,13.2,15.6,15.3,226.35,0.08,15.66,16.92,125.555
123,15,43312706443635,"acee672d-18e3-4891-91c6-7ca4ee96050b",17.3,14.6,16.7,15.3,834.68,0.03,14.58,16.7,89.6325
124,15,43312736431636,"0559d335-0c96-4202-9c56-01a34b1919b0",20.8,14.3,15.4,13.9,707.36,0.01,5.55,6.92,77.9025
125,15,43312706442637,"495b83ac-655e-40a9-9273-20974b824bd3",21.8,16.7,17.8,17,481,0.04,16.69,17.79,68.305
126,15,43312736443638,"e7b6a5f5-87f9-466b-8de4-4030cca33523",19.4,16.1,18.2,17,268.8,0.04,16.75,17.26,60.2575
127,15,43312706441639,"91905a63-e183-4a26-9391-ffe4c1344a0b",22.1,16.3,17,15.5,339.53,0.04,16.31,17.02,54.605
128,15,43312737431640,"126606d8-2f36-4f5c-9797-3d90cd063454",17.3,11,15.7,13.2,438.56,0,5.46,5.57,9.1425
129,15,43312708452509,"5c300aaf-a3f0-4f8d-9de8-10cedb96b00b",42.9,27.6,28.6,27.4,155.62,0.17,21.21,25.11,205.9425
130,15,43312708453510,"f72770f9-1a39-4e6b-8fb5-229920d0d3e2",36.7,26.3,26.9,26.4,113.18,0.08,20.3,20.54,47.645
131,15,43312737442511,"4166d812-a335-49d4-8743-5366f7fe5a3a",24.4,16.1,19.2,16.9,424.41,0.03,11.31,14.74,80.4475
132,15,43312736452512,"8f1b12d5-02d5-403f-ab97-dc572fab758f",34.4,22,22.4,22.9,226.35,0.06,19.72,21.67,93.845
133,15,43312737452513,"c4ca8003-5eeb-40ac-bafc-4009c242a0e2",27.7,19.1,25.1,21.1,226.35,0.06,14.33,22.98,128.65
134,15,43312737442514,"1d10b3ab-6a0d-43ba-8d79-de7d195c70bc",23.5,14.3,23,19.4,240.5,0.03,10.98,15.67,42.1475
135,15,43312708422515,"f39f15b3-e4a7-4b35-b199-fd3e351e0ed1",13.4,9.6,10.6,10.2,438.56,0,6.32,6.54,3.77
136,15,43312736452516,"5f66e4dd-0345-42bc-81d3-429edb65b7ce",35.6,22.5,23.7,23.6,113.18,0.16,26.69,28.05,158.7875
137,15,43312708421519,"5e6ab1e6-5451-4639-9564-e24445b493a0",14.8,9.8,11.2,10.1,268.8,0,6.56,6.63,1.0375
138,15,43312736442520,"5e07a3a2-dd99-4ef6-bb45-4f2e36421dbb",19.1,16.8,21.4,20.9,933.71,0.01,8.96,10.65,37.43
139,15,43312707451521,"542b0e3c-3ef4-4260-be29-4234c1015ab5",29.3,21.8,25,22.4,551.74,0.05,16,18.75,131.63
140,15,43312707441522,"b0adb818-68a8-4654-b8b5-7eb4aacb7f7c",34.6,23.8,24.3,24.5,862.97,0.02,11.02,13.42,84.45
141,17,43312731442523,"fcde9421-7e06-4f8f-9c63-6fb817fe1c8f",26.2,18.6,22.1,21.4,183.91,0.08,19.34,20.36,99.875
142,15,43312706442524,"1154aa55-8392-4bee-9381-f6b32c05b54f",24.6,20.1,21.8,20.2,396.12,0.05,20.06,21.76,83.2625
143,15,43312706443525,"03d56cb0-ebdf-4b72-8207-b6afde137200",21.4,20.1,22,21.1,1075.18,0.04,20.06,21.98,176.01
144,15,43312701431526,"75e7d334-796a-400a-8880-2d97587ea9e0",19,14,16.7,15.1,113.18,0.03,14,16.67,24.6075
145,15,43312735452527,"255bc6c0-d1b4-45e6-8755-a2d832bad38d",36.8,26.3,28.3,28.3,452.71,0.05,19.78,23.39,107.5575
146,15,43312708411528,"dac16304-1186-4792-aae1-1f81dbdcdb90",6.2,6.6,6.6,6.5,339.53,0.08,20.71,22.91,162.4875
147,15,43312736451529,"4c9c0cf8-3fb0-4321-9752-c0ca66e9bad3",34.5,23.8,30.8,27.7,565.88,0.03,16.75,21.4,117.6225
148,15,43312708451530,"c12f06ab-fa7f-400f-9549-184707e1ad91",67.3,38.4,39.1,38.6,325.38,0,5.39,5.96,3.8575
149,15,43312706443531,"03a370e1-e91d-4a36-94af-32e2fe3bba9b",24.3,19.8,20.7,20.5,707.36,0.05,19.78,20.67,136.335
150,15,43312708451532,"f527208f-0961-44b0-98cc-3316d84d6c8c",61.4,38.1,39,39.1,198.06,0.02,9.79,11.16,10.21
151,15,43312706441534,"b79495f4-3a9d-46cf-81ff-acc1628b6622",19.4,16.9,20.3,19,367.82,0.03,16.9,20.31,48.35
152,15,43312736443535,"e0bb5f4d-e38b-45dc-870c-292844ec9975",19.4,18,22.2,20.9,650.77,0.04,13.16,15.14,126.295
153,15,43312731432536,"406d9997-a9e2-4f7d-91ee-14dcd988f049",16.8,15,18.2,15.4,183.91,0.06,12.84,15.11,64.21
154,15,43312707442641,"7212cecf-7a4e-41c8-8d33-7c1190663c74",22.5,16,18.7,17.4,141.47,0.1,23.79,24.34,80.63
155,15,43312707451642,"818fc3ee-856a-46f0-b36e-28c146906fff",30.9,24.2,27.1,26.5,580.03,0.02,14.97,16.38,54.48
156,15,43312707442643,"efa80427-9159-484c-90d6-e5398603169f",22.2,16,18.8,18.7,565.88,0.05,15.72,19.81,147.7275
157,15,43312707451543,"711e19d3-cbcd-4976-b111-f2d6abfba283",35.4,26.8,28.5,26,297.09,0.04,16.04,18.82,65.1625
158,15,43312736432544,"13276372-1a6d-4b14-88ea-9c9900fceffc",20,14,18.9,17,707.36,0,4.62,4.75,7.2025
159,15,43312735441545,"088c47a4-6f4d-4e18-9506-5060e4a4d117",22.6,16.1,21.3,20.1,396.12,0.01,6.77,8.73,11.12
160,15,43312735433546,"a6fdfa0f-7877-4c54-b397-f0c274259c28",14.4,12,14.6,13.5,877.12,0.04,15.06,19.71,389.45
161,15,43312707451649,"5b75d988-e0cd-4db1-b270-7bd19dc7380d",25.1,17.1,25.8,21.5,820.53,0.04,13.97,17.57,160.44
162,15,43312736451650,"f591bfc4-4e57-429f-aabe-300e80fab005",28.6,21.6,22.9,21.9,565.88,0.03,16.06,18.16,102.8775
163,15,43312737441651,"d3e9e886-8ffb-4d90-9c34-a14e40b6baef",19,15.4,17.7,16.9,226.35,0.03,10.81,12.91,35.4975
164,15,43312735451652,"dd42050e-51ba-44f9-a424-f7d272450bfe",32.1,19.2,23.1,21.9,594.18,0.05,16.12,21.29,147.44
165,15,43312707452151,"48c43f6a-93e3-4b29-930a-2adc83673ae3",41.4,23.4,23.8,23.3,198.06,0.1,26.82,28.46,126.64
166,15,43312731432154,"d4dddfca-cf0e-4ba0-bd8d-790a5d142573",25.4,15.4,18.4,16.5,537.59,0.02,9.08,16.73,54.305
167,15,43312731411653,"2053e1af-0448-4cab-acf6-ea6e2e22a2d5",9.1,6.4,16.8,13.5,891.27,0.02,12.08,14.06,76.7725
168,15,43312731411654,"0ca328a4-928a-4ef7-90fb-4f584d42501f",8.3,5.8,9.7,6.3,820.53,0.02,12.18,13.69,63.44
169,15,43312731423655,"ca6b0118-d9f7-463e-a696-120de57daea5",11.6,9.1,16.7,13.2,1287.39,0.02,13.17,14.43,124.9425
170,15,43312708411656,"a350cd1b-0b55-4afd-9a84-776791b8d944",7.5,6.3,6.5,6.5,806.39,0.04,19.8,22.15,172.51
171,15,43312707431644,"9005bf03-de22-436a-a425-7d01321ce480",22.6,15.3,18.3,17.3,650.77,0.02,10.6,11.93,58.485
172,15,43312707422645,"d911ebd1-c7c5-433c-9022-33cc66faaca3",15.7,10.6,11.9,11.2,608.33,0.07,25.34,26.07,196.455
173,15,43312707422646,"7302df1b-3629-422f-9063-2f51067ff832",12,9.6,12.5,10.7,198.06,0.19,35.36,36.27,163.6825
174,15,43312736423647,"fd18cdcb-1aa9-4dba-b7a6-6a0292159135",10.7,9,10.6,9.5,438.56,0.01,6.77,8.53,13.3675
175,15,43312737432648,"7648ecbd-0b73-4fd2-8c8d-38a9dae3f1d6",12,10.8,11.9,11.4,240.5,0.01,7.63,8.12,7.0225
176,15,43312731433141,"361860ad-4b91-4fc7-864b-9e1d2271fdba",30.7,14.6,16.8,15.9,198.06,0.04,11.79,12.51,44.81
177,15,43312731433142,"ea1734d1-2188-4e3f-81e1-1ba2578b91e3",31.1,14.5,16.4,14.3,198.06,0.08,13.29,13.91,92.6575
178,15,43312708451143,"452532a7-1dc6-4b70-ab98-f3fa756cc034",44.5,21.2,25.1,21.7,693.21,0.01,7.81,9.12,8.3425
179,15,43312708451144,"e5777687-8f4a-494e-b588-238bf4453903",31,20.3,20.5,20.2,198.06,0.01,6.25,7.85,4.24
180,16,43312736422145,"2dfedc10-9bdf-43f2-bf92-efa43def874a",11.8,8.2,13.2,10.5,537.59,0.04,14.21,19.9,99.805
181,15,43312707423146,"68c21c1e-0be8-45fb-86e5-8070afeb0a68",16,11,13.4,12.3,466.85,0.04,19.83,22.1,83.565
182,15,43312707443147,"3cbce494-0fc8-413a-96ec-b51a942503ca",16,15,16.4,15.7,282.94,0.04,15.61,20.39,64.05
183,15,43312707413148,"027c3eec-2a46-4b70-a778-81807572985d",11.7,7.3,8.7,8,707.36,0.05,19.71,24.08,135.8075
184,15,43312737433149,"843cadfa-f0b0-4a7f-9524-3b2fad1531c9",11.9,10,11.4,10.9,580.03,0.01,7.28,8.46,12.5775
185,16,43312736422150,"a41002c8-7290-4b75-9fc3-d587c20bf3d2",11.3,8.3,9.8,8.8,523.44,0.04,11.39,17.65,100.3425
186,15,43312736433155,"39133782-fbba-4bb7-889f-d0fa05b78c75",19.9,13.2,15.1,13.9,749.8,0,6.52,7.02,10.1725
187,15,43312707443156,"279c0f37-fec8-4f4c-a732-4ad3b2828e86",21.1,14,17.6,16.2,622.47,0.05,18.86,19.59,141.405
188,16,43312731433157,"b2f05c79-9a45-4535-af96-e73511f5eeaa",22.6,13.9,16.5,15.8,339.53,0.06,15.45,18.44,139.3
189,17,43312707453158,"61a35144-c0c8-4746-8472-908052c7956a",40.9,21.8,24.4,23.5,297.09,0.05,18.23,21.22,87.6475
190,15,43312737451506,"03511200-a448-4b92-aa12-8653d208ef48",34,20.9,30.2,25,820.53,0.01,10.01,11.38,36.4875
191,15,43312737451507,"48a6125e-d6a5-426f-bba3-b4e157872063",44.1,28.4,29.5,28.4,155.62,0.07,17.63,22.01,92.0675
192,15,43312736451508,"b5a7e294-c0ef-4091-acf6-5f41b481b3e9",44.1,26.7,28,27.2,226.35,0.06,17.46,22.28,82.2375
193,15,43312736453517,"0fe4b8f6-7f8b-45a9-b065-4b70259c6c0d",22.7,20.2,25.4,24.8,84.88,0.17,27.23,27.81,125.495
194,15,43312736453518,"2008fef9-8db8-45cf-b64e-9b35e353b860",20.9,21.8,25.1,24.9,113.18,0.14,27.23,28.95,117.975
195,15,43312706433537,"0ed06fcc-b7d1-48b3-a9e3-168f0d8eadad",13.6,12.2,15.1,12.6,1499.59,0.02,12.21,15.07,96.5975
196,15,43312707442538,"4d4cc481-c522-4a28-93c4-a76b506220cd",23.3,18.9,19.6,19.1,1768.39,0.02,12.87,13.4,103.6375
197,15,43312707441539,"bae9bb0a-7eb8-4be7-8364-6075791f71f3",23,15.7,19.8,18.3,622.47,0.01,10.08,11,31.5675
198,15,43312737432541,"5020e3ce-81d8-4a8f-804f-114d0742701b",11.1,10.4,11.7,11.2,537.59,0.01,6.55,6.85,26.2675
199,15,43312736422542,"c39bfe64-1fb8-4b58-a5de-82cf13f8f160",9.6,8.1,9.2,8.9,226.35,0.11,26.28,28.31,142.725
200,15,43312707431540,"666e637f-59cd-4b5b-bd68-3739589aa23c",12.6,10.1,11,10.8,523.44,0.01,7.32,8.69,23.865
201,15,43312735451547,"6af63f18-2d92-4464-a082-7cf428853d17",24,16.1,20.2,18.1,679.06,0.02,9.65,10.44,37.8025
202,15,43312737431548,"11901997-67be-4a31-9218-a71745f0e30f",18.1,11.3,14.7,13.5,396.12,0.01,4.77,5.23,5.5325
203,15,43312737422549,"0a40fbc7-2557-4213-9c37-7e79479b5cff",7.8,7.3,8.5,8,551.74,0.05,20.16,25.39,213.1325
204,15,43312737421550,"fd4362f1-9157-443a-8e07-629871954db6",8.8,7.6,8.1,7.8,56.59,0.23,32.73,35.4,68.825
205,15,433127064511104,"235b19a0-0d92-4151-8e29-98d4b4b27a80",21.6,16.6,18.6,18,99.03,0.16,28.44,29.45,174.375
206,15,433127064511105,"4c6d22ff-280d-4dfa-9889-3d2685d9c652",26.2,18.9,19.8,19.6,381.97,0.07,16.89,21.25,205.1225
207,15,433127064511106,"dbcc6e2a-d4bd-4974-9ddc-f246c17d7fe3",22.5,20.8,23.2,22.5,297.09,0.07,21.19,24.36,171.8075
208,15,433127064511107,"f5eac7fe-3496-4ffc-925f-aa07332cd93d",22.1,20.7,22.8,20.9,268.8,0.08,19.12,25.12,204.785
209,15,43072537423118,"a3a5026f-cfe8-4c0d-ab78-7e85132bc55c",10.6,7.1,9.1,8.7,919.56,0.01,7.11,9.11,50.9375
210,15,43072508432501,"61fe335c-dfa8-4ed7-8f65-7fd2ad604036",13.5,13.6,19.3,16.4,962,0.02,13.63,19.29,111.455
211,15,43072508432502,"70f244d6-af16-437f-a778-ab805106a3ed",13.5,11,19.1,17.5,848.83,0.02,11,19.11,111.7475
212,15,43072508433503,"77bca8bf-9a1d-4053-baeb-95e6a15578bb",10.2,12.2,13.9,13.4,1570.33,0.01,12.24,13.87,44.5425
213,15,43072508422504,"8c028e9e-991a-41b8-a896-9e1613bd2c19",10.5,11.8,12.8,12.2,1018.59,0.01,11.81,12.82,32.34
214,15,43072508432505,"f41d3aba-b6cd-4dd3-af44-cd7913ea6e8a",15,16.5,18.4,18,792.24,0.02,16.45,18.45,71.4625
215,15,43072508443506,"6a3d8a7b-0bc6-4390-b749-00c6170bf53b",13.8,15.8,18.1,17.4,721.5,0.02,15.8,18.05,55.2675
216,15,43072508423507,"e3916a0d-2f97-464e-8e83-fb9145f92838",10,11.1,12.8,11.5,1499.59,0.01,11.09,12.76,39.48
217,15,43072508452508,"e1c32b97-5d3d-47b3-ac62-79918e0e470f",19.2,19,21,20,481,0.03,18.95,20.97,84.6175
218,15,43072508422509,"55e850c2-3db4-45ab-8c32-e975a20c662e",13.4,12.6,14.1,13.5,693.21,0.02,12.63,14.12,36.9825
219,15,43072508422510,"9f07d266-15e1-4c9b-b133-9071838aadde",14,12.8,13.8,13.1,466.85,0.02,12.79,13.77,25.1725
220,15,43072508423511,"0c878d62-32e8-4bcd-8c05-16020c4fab4c",8.9,9.8,11.9,10.9,1443,0.01,9.81,11.92,29.385
221,15,43072531413512,"c793a653-7d21-4039-a0f4-2a8f929251f8",3.8,3,3.1,3.1,2504.04,0,3.05,3.08,6.4725
222,15,43072531413513,"181ad437-13bc-4503-8f40-3199a6f08e90",4,3,3,3.1,1725.95,0,3,3.05,4.9325
223,15,43072531412514,"cf266eee-1108-4013-ac7b-7ebe85aebe8c",3.8,2.9,3,3,1061.03,0,2.91,2.97,2.68
224,15,43072506422515,"a8627f28-aed8-45e7-9a21-b5dbfdf9fb71",12.8,9.7,10.6,10.5,1046.89,0.01,9.69,10.6,43.755
225,15,43072537432516,"65537123-9a66-48f1-941f-9dab7e7febb3",15.7,11.5,16.7,13.4,495.15,0.03,11.51,16.68,64.695
226,15,43072506421517,"21e2f967-9614-4593-b741-3bab3b099334",10,7.6,8.4,8,1443,0.01,7.6,8.36,30.36
227,15,43072501422518,"aff34e56-dc91-4394-b50b-922ffa5800fb",13.3,9.9,11.7,11,1117.62,0.02,9.86,11.72,93.79
228,15,43072508443601,"834bf89e-b87d-48e9-be0f-38e9e1667f15",18.5,15.7,18.7,18.4,452.71,0.03,15.69,18.73,96.5925
229,15,43072508443602,"d4b45b40-7204-4f6c-a1d3-288acfbfe3cb",19.1,13.9,18.7,18.7,551.74,0.04,13.89,18.71,113.965
230,15,43072508432603,"910ab1fd-8ffb-42b7-a760-d0578d27a1ef",16.4,13.4,17.6,15.8,452.71,0.03,13.41,17.55,51.2225
231,15,43072508421604,"adcd055e-90f0-4d62-b85e-e8287805c558",15.1,8,10.3,10.1,282.94,0.02,8.04,10.34,16.015
232,15,43072531411605,"0a89255f-80f4-40f8-a839-a55b9d556ded",14.3,8.7,9.6,9.3,367.82,0.02,8.67,9.58,26.66
233,15,43072531411606,"d2fa38de-3e0e-4491-a645-29fc711ad526",14.3,7.2,7.7,7.5,325.38,0.02,7.17,7.68,18.61
234,15,43072506412607,"a1fec384-d243-4910-8861-7a5ab658aa89",6.2,4.8,5.1,5.2,1103.47,0,4.8,5.08,6.6175
235,15,43072531412608,"7a444e51-6fea-4787-a327-ed73fe32dbe3",12.3,7,7.9,7.8,353.68,0.01,6.98,7.93,27.09
236,15,43072508452609,"10ba34a4-3ea6-423a-8245-4f40cf78350d",20.5,16.5,21.1,21.6,580.03,0.04,16.48,21.13,126.9625
237,15,43072506412610,"3c3e03d4-4b36-4541-b18c-8bcf420adf76",5.3,3.6,4.1,3.8,1683.51,0,3.63,4.11,6.635
238,15,43072506413611,"02e34e1c-8ebd-48a3-a139-4551d2695915",5.4,4.2,4.7,4.9,2305.98,0,4.2,4.75,11.255
239,15,43072508453612,"a145c16b-1d1e-42e8-af99-ee20d8e179e0",23,16.9,21.3,21.1,608.33,0.05,16.94,21.31,158.5
240,15,43072508453613,"2801f6c0-2438-48b0-be72-cd17753386b4",25.2,16.7,21.7,21.6,424.41,0.06,16.72,21.66,177.88
241,15,43072531412614,"82986392-2ed2-400d-aac1-a42b2540d2c8",10.3,7.1,8,7.7,1145.92,0.01,7.11,7.98,42.75
242,15,43072531413615,"c0e2b32a-8559-4f59-84e3-dbcbdd1f1c68",12,6.3,8,7.9,1188.36,0.01,6.33,8.04,71.695
243,15,43072531413616,"e9a2a113-365e-4df4-9f9d-48a282bb2760",9.3,6.1,7.5,7.1,693.21,0.01,6.14,7.53,19.7525
244,15,43072501423617,"f0bcc49d-750f-4e55-9ca5-a4ffe359a4b5",12.7,7.9,9.5,9.1,848.83,0.02,7.91,9.47,58.615
245,15,43072531441618,"fc233d3a-b012-4fc1-b58a-04a677aa32c7",15.6,12,14.7,15.5,792.24,0.02,12.01,14.75,97.94
246,15,43072501423619,"70abaa18-2a0c-4d65-a5c4-e5a3bd912326",9.9,8.9,10.2,9.6,1230.8,0.01,8.89,10.17,56.515
247,15,43072537422620,"604cae90-6907-4c09-a188-09a69b428408",14,9.9,11.6,11.2,622.47,0.02,9.93,11.64,106.75
248,15,43072508453621,"01477b7f-0583-4feb-88f4-90e44b569758",26.3,17.7,20,20.1,523.44,0.06,17.7,20.01,158.45
249,15,43072501423622,"95f38f5f-ce78-40b6-ac51-7dcf01bfe88d",17.4,10.4,12.5,11.4,636.62,0.03,10.36,12.53,96.0825
250,15,43072501433623,"5fbcc851-99cd-49eb-b233-fe376359a5c9",13.9,9.4,11.6,10.8,990.3,0.02,9.37,11.65,94.9825
251,15,43072501433624,"62990e6e-c6b4-4ced-87fc-656f5b694a30",14.2,10.5,12.1,11.2,947.86,0.02,10.49,12.11,97.915
252,15,43072501412625,"e2d13743-da8a-4fc3-a6a3-1070b94ce263",8.5,5.4,6.7,5.7,933.71,0.01,5.4,6.73,20.92
253,15,43072501432626,"f6d838cd-cae3-46b7-867a-843428904e28",12.1,9.4,10.8,10.8,1485.45,0.01,9.36,10.79,108.9475
254,15,43072501431627,"f9e900b7-6544-41a1-b0f9-b306eb1764c1",13.2,9.4,11.4,10.8,679.06,0.02,9.4,11.37,58.5375
255,15,43072501432628,"3060ce30-7daf-458e-9dde-f07b6c7c5775",13.5,10.1,12.2,11.5,1711.8,0.02,10.11,12.15,160.685
256,15,43072501432629,"fdb53cf9-d99f-4265-859e-6b4f810f5617",17.2,12.5,14.5,13.7,679.06,0.03,12.49,14.46,109.05
257,15,43072501431630,"92094c4e-7726-4f60-b7ac-1477d416adeb",14.8,10.1,13.4,12.6,735.65,0.02,10.13,13.42,92.795
258,15,43072501421631,"9c59a915-118d-47e0-a580-701b36648916",11.3,8,10.6,9.8,933.71,0.01,8.03,10.61,54.15
259,15,43072501431632,"df8e8788-c6ff-42be-94a8-e5c5d11148c3",13.8,11.7,13.9,12.8,565.88,0.02,11.73,13.9,60.315
260,15,43072501421633,"c0a4f3bc-bdd3-49ff-8024-4ef43767afe0",10.4,7.7,9.7,9.5,622.47,0.01,7.69,9.67,30.1225
261,15,43072508411634,"075a7bc0-3af0-4b9a-b51a-8f604f6bfdf7",8.5,6.8,7.1,7,452.71,0.01,6.85,7.13,3.79
262,15,43072508423635,"363f0243-1a3c-429a-b1ae-1584d0b13636",14.2,11.3,11.8,11.7,1004.44,0.02,11.27,11.81,43.8275
263,15,43072501421636,"ee062d73-3f13-4ea9-8fbd-e259a832d6e1",9.8,7.9,13.7,10.3,806.39,0.01,7.89,13.71,45.175
264,15,43072501412637,"8422c1f8-1b88-47a5-a4b0-c3ed90119443",8.9,6.7,7.6,6.8,1273.24,0.01,6.7,7.64,32.895
265,15,43072508421101,"ce6c722b-2330-45d3-b15d-92b20bf90cd9",14,10.1,11.9,10.4,311.24,0.02,10.06,11.86,15.1525
266,15,43072508421102,"3beca62a-06fa-4ecc-83b3-79f76b0cfefb",23.2,11.5,13.6,12.7,169.77,0.05,11.48,13.61,30.3625
267,15,43072508433103,"0d5ebb25-2e0e-40cf-850a-5d634a543d88",15.7,12.4,16.4,14.1,650.77,0.02,12.38,16.45,74.2575
268,15,43072508433104,"6b7eed42-378e-42b2-80a1-c90a4617b1d6",16.7,12.4,14.2,13.3,495.15,0.03,12.44,14.17,45.2525
269,15,43072506412105,"2d33a8ba-a399-44c9-ae4e-9865eec44653",8.6,6,6.3,6.3,947.86,0.01,6.02,6.26,17.0475
270,15,43072506413106,"b3a326e8-4dd3-49b8-bf7b-ff48e4327166",9,5.9,6.2,6.1,1471.3,0.01,5.85,6.16,21.8775
271,15,43072506431107,"d76b1edd-be33-4500-985a-f3f7d5342763",14.9,10.5,10.9,10.7,353.68,0.02,10.54,10.91,19.6925
272,15,43072506412108,"3a724610-7115-4bc1-a0b0-b66200007112",9.1,5.9,6.7,6.7,862.97,0.01,5.94,6.69,12.49
273,15,43072537413109,"4717283a-296c-4c02-bda2-7ebe9f5fb704",7.8,5.3,5.4,5.3,594.18,0.01,5.3,5.4,41.6375
274,15,43072537412110,"b1c3ce81-b5a7-4491-a3a0-38b1a32b53bb",8,6.2,6.6,6.3,763.94,0.01,6.19,6.56,35.44
275,15,43072537413111,"cdbf0c75-b8a2-4701-8d2a-9a951bf8701f",9.1,4.8,4.8,5.1,848.83,0.01,4.83,4.79,19.7925
276,15,43072536413112,"4f91629d-92dd-4fdb-a298-b2d7363abe93",8.5,6.4,6.6,6.6,990.3,0.01,6.39,6.63,27.3975
277,15,43072537412113,"94633532-f01f-4cd0-985d-ca362e0f047c",7.6,5.1,5.7,5.2,806.39,0.01,5.11,5.74,19.6575
278,15,43072506413114,"7355be53-a955-4e3e-9816-62e90ab24050",10.3,6.3,7,6.9,1230.8,0.01,6.27,6.97,25.1475
279,15,43072506413115,"d9419be8-8c33-4720-817b-929bdc4977cd",9.5,5.9,6.3,6.2,1004.44,0.01,5.95,6.31,16.2525
280,15,43072536421116,"0bc2d598-21fc-457d-9bc8-678e3f767d62",16.5,8.2,9.4,8.8,297.09,0.03,8.18,9.42,29.0975
281,15,43072501413117,"b670d943-af00-4f32-9dc5-fc7ac8b24a74",10,6.5,7.4,6.9,523.44,0.01,6.49,7.38,30.73
282,15,43072536432119,"12b49700-51be-456c-bb72-c27a8e516286",16.3,10.7,13.3,11.5,622.47,0.03,10.73,13.27,83.245
283,15,43072506423120,"cb98c28f-5f0f-4766-aa98-136d92e94d2f",9.4,6.3,7.2,6.8,1145.92,0.01,6.34,7.22,20.5
284,15,43072508421121,"73481163-230b-4973-994e-c04bb3e4cbcd",19.7,10.4,10.7,10.8,169.77,0.03,10.38,10.71,14.7925
285,15,43072536421122,"ea9fbae3-ba5e-44fb-87aa-00fc60cd9f2f",13,7.1,10.3,9.5,254.65,0.02,7.12,10.31,16.5575
286,15,43072537423123,"3056d150-6dbe-46f9-bd98-e0260327b024",16.2,8.8,13.3,11.3,268.8,0.03,8.78,13.33,232.1375
287,15,43072501433124,"1db7d920-10be-4bec-9cb1-c820a773ed7c",15.8,10.7,12.4,11.9,580.03,0.02,10.68,12.38,74.905
288,15,43072535421125,"a2d4ba07-1acf-4ebd-9b59-88097e33461b",14,9.2,12,10.1,254.65,0.02,9.18,12,16.885
289,15,43310106432201,"9687fd9e-d762-4d6d-a129-e4d4e48953fe",11.9,10.5,15.7,13,1230.8,0.02,10.5,15.7,91.0425
290,15,43310106422202,"0ab7b14a-c98f-4f00-bcd1-b45e36f40429",10.9,8.2,9.7,9.3,1103.47,0.01,8.17,9.75,31.7075
291,16,43310101421203,"f5d87601-cd53-451d-b916-857f0961b952",10.3,8.1,10.6,9.6,594.18,0.01,8.05,10.56,27.7975
292,15,43310101422204,"ce1370a4-a1f7-44eb-a0af-fde41b0c9093",11.6,9.8,12.8,12.2,862.97,0.01,9.83,12.8,67.82
293,15,43310101422205,"3c3cd145-76da-4281-b4a3-0bce363652c2",9.9,10.2,12.2,11.7,1244.95,0.01,10.19,12.21,64.345
294,15,43310107433206,"e253d91c-8a04-4e6e-96b5-84dd50184130",16.2,15.3,17.3,16.6,1018.59,0.02,15.31,17.28,119.525
295,15,43310107433207,"94994ac5-f65b-40cb-b7fc-b447abe12364",16.2,11.7,13.1,12.6,1046.89,0.02,11.71,13.1,97.635
296,15,43310137421208,"81ae2cd8-c347-4da5-8e66-e10916086a99",8,6.8,8,7.4,721.5,0.01,6.81,8.04,18.8075
297,15,43310112422209,"e5f03a27-d0a9-47c9-98b5-060f22d22468",12.6,8.5,10.9,9.5,1061.03,0.02,8.53,10.94,75.845
298,15,43310136421210,"fe8131b4-7041-4c8a-ba33-7b92bf917a76",13.2,9.7,11.4,11.2,721.5,0.02,9.74,11.4,48.13
299,15,43310135422211,"834872c7-34b4-4bea-8e1c-42271a87c97e",15,10.1,10.9,10.7,1018.59,0.02,10.13,10.93,69.575
300,15,43310107422212,"fd6105f2-2c9c-47bc-ad01-01563f220572",13.6,9.8,11,10.7,664.91,0.02,9.84,10.97,39.885
301,15,43310136442213,"b67b406f-4ca1-4e01-b587-a4dd54c92336",23.2,13.4,23,20.5,438.56,0.07,13.38,23,273.895
302,15,43310106421214,"e1662098-5650-46c6-b463-6ccede1d5f66",11.9,8,9.1,8.5,565.88,0.01,7.95,9.15,19.045
303,15,43310107411215,"b4fb4942-b746-45fe-ad46-71066b1fe9e4",11.5,7,8.4,8,749.8,0.01,6.97,8.44,29.33
304,15,43312606422201,"f51fd915-ab92-4b3d-9104-4f81e9e804be",9.3,6.8,7.6,7.3,792.24,0.01,6.83,7.58,13.4725
305,15,43310112412216,"9bfd1282-41ab-4afc-aef1-aaa659c6a071",9.5,6.4,6.8,6.5,495.15,0.01,6.41,6.82,11.8025
306,15,43312636431202,"a0f3c07e-f883-4461-9e6a-bf7ad2bc4c60",28.1,14.5,18.6,18.8,127.32,0.08,14.5,18.56,62.2375
307,15,43312606421203,"b1783df4-503a-40cc-ae30-1b0637772671",12.4,7.8,10.3,9.9,424.41,0.02,7.79,10.34,19.4925
308,15,43312612432204,"e9689ee6-a8e2-46ad-8284-9eb129f48bcd",24.3,14.5,15.1,15.2,240.5,0.05,14.51,15.09,71.635
309,15,43312407411201,"0dd43979-0020-4e84-a7e1-d10a75d79d8d",10.5,6.1,7.3,6.9,495.15,0.01,6.12,7.27,14.6625
310,15,43312435421202,"b6dc47bd-e636-4629-9dbc-293255473114",11.4,7.9,8.8,7.6,282.94,0.01,7.95,8.81,9.71
311,15,43312406433203,"74dd2a59-f8ae-43f9-95ba-63c7fd391a62",13.5,10.5,11.7,11.6,1075.18,0.02,10.52,11.71,55.46
312,15,43312412411204,"5047362e-126b-4e3d-8297-7060f70dc214",6.6,5.1,5.4,4.9,198.06,0,5.09,5.39,2.0875
313,15,43312412411205,"45f347b2-e1b6-48fc-983e-cc348c7cbf0b",7.5,5.7,6.1,5.8,381.97,0.01,5.71,6.13,6.115
314,15,43312407411206,"cecff33c-f840-4438-8f84-37bb052dd6e4",8.7,5,5.5,5.3,396.12,0.01,5.05,5.47,6.035
315,15,43312407411207,"6cfcb5e9-9cd4-4ada-86f4-930a69e68bf9",8,4.6,4.8,4.9,438.56,0.01,4.64,4.81,5.195
316,15,43312435411208,"51cb131e-794c-4755-8b73-af4407bef911",7.5,5.5,5.9,5.5,311.24,0,5.5,5.86,4.085
317,15,43312407412209,"1fcac834-5785-4059-80eb-5b39381e37b0",8.9,5.6,5.9,5.7,565.88,0.01,5.62,5.94,9.9825
318,15,43312435412210,"08adb7cf-c3fc-46df-84ae-589807a95c0b",7.8,5.9,6.5,5.9,707.36,0.01,5.89,6.51,10.8275
319,15,43312506423201,"c60fb6e9-c8a9-4dd8-b5ee-19d78bc32439",11.4,9.5,10.2,9.7,976.15,0.01,9.53,10.21,30.4725
320,15,43312407423213,"70d2c561-e2be-415a-885b-c03afe718683",10.9,8.3,8.6,8.5,693.21,0.01,8.32,8.59,22.0975
321,15,43312407431212,"9557e512-2c0a-4563-9b87-d53f78da33ff",20.3,13.4,15.3,15.2,155.62,0.04,13.39,15.31,24.4475
322,15,43312436433211,"9d55fd2e-8edd-4e5b-b39c-80ab1e3cc07c",16.6,14.2,15.4,15.1,622.47,0.02,14.18,15.43,68.5525
323,15,43312407431210,"8a69323e-bb60-400f-97ac-49d52479aba1",17.3,13.3,14.1,14.2,282.94,0.02,13.32,14.11,28.89
324,15,43312437421214,"fc851fd9-d18e-423e-b039-b73da1e06047",14.3,10.9,12.7,11.3,141.47,0.02,10.9,12.7,9.155
325,15,43312407412215,"0f2974e8-0981-4c32-ac17-f07bd05a3a43",8.3,6.2,6.8,6.4,650.77,0.01,6.15,6.79,10.9125
326,15,43312407412216,"d2031eb3-03c7-4e32-8693-eb325218e3af",8.9,6,6.9,6.7,933.71,0.01,5.98,6.85,17.86
327,15,43312435411217,"e98ea407-9bce-4259-985f-32ab2ff63151",9.4,6.2,7.2,6.7,481,0.01,6.18,7.21,11.1725
328,15,43312431421218,"67d083a2-cc62-47b6-9d94-c123cee15935",11.8,7,7.1,7.3,381.97,0.01,6.96,7.14,14.84
329,15,43312431421219,"67f94313-6235-4d19-a3e8-3be93f830b51",11.3,7.7,9.1,8.9,580.03,0.01,7.69,9.07,26.21
330,15,43312412421220,"436cecfd-1c70-4f1f-9070-9a15788dcc5f",8.5,8,8.7,8.4,792.24,0.01,8,8.67,18.5275
331,15,43312412412221,"9ed393ba-376f-4bf4-b910-2ef1cbf9acbe",7.3,6.4,7,6.9,2192.8,0,6.42,7,33.02
332,15,43310101422401,"6158419e-5a82-42ef-b816-b96bea8017e0",10,8.1,10.2,9.4,1725.95,0.01,8.12,10.25,83.2525
333,15,43310101432402,"a5345c66-699a-4c4f-a7ab-060e85fe256e",10.6,10.3,13.6,13.4,1061.03,0.01,10.31,13.64,77.9375
334,15,43310101433403,"62a3ce04-e629-49a8-9a9c-af2f3d63fddd",9.8,9.3,10.4,9.8,2405.01,0.01,9.27,10.44,110.675
335,15,43310107432404,"86ec39ed-ef3b-4acf-b477-9a420c44271e",15.2,16.8,17,17,1259.09,0.02,16.76,17.02,111.8625
336,15,43310137443405,"8f53e84c-d845-49a4-932d-44a4f743a22c",29.9,17.7,20.5,18.8,325.38,0.08,17.66,20.5,187.945
337,15,43310106432406,"fb2eedc9-18b6-4bab-a1ff-783866124ae5",13.4,11.1,12.8,13,1089.33,0.02,11.07,12.81,63.045
338,15,43310107423408,"c6e266f2-6fd4-4526-8764-cbfe1c8d16ea",15.2,11.5,12.6,12.1,693.21,0.02,11.48,12.58,62.24
339,15,43310137443409,"1b06763c-d395-4a10-8784-d2747af20b8d",24.3,15.5,17.5,15,580.03,0.05,15.46,17.42,217.12
340,15,43310136432410,"4c2585f4-de09-4c47-9133-c55c274fd00a",15.3,12.9,15.5,14.5,947.86,0.02,12.86,15.48,70.77
341,15,43310136433411,"0ff83259-632c-4128-a661-01f350cf4f50",14.3,9.9,11.7,11.1,834.68,0.02,9.89,11.68,52.4525
342,15,43310106421412,"4303b8d5-a3bc-4f7e-bc14-2953508af4c0",8.1,5.1,6.3,5.7,466.85,0.01,5.14,6.27,5.79
343,15,43310137442413,"3236cc79-577e-4a7d-9ebe-64af3673ec79",21.8,14.5,20.8,17.5,551.74,0.05,14.54,20.81,219.0225
344,15,43310137451414,"3a48436d-f58c-4134-83a1-7f1ac31524b3",24.3,15,19.2,16.5,297.09,0.05,14.95,19.16,125.6325
345,15,43310137441415,"ef554ea2-0a5e-4223-a07c-4d9091e1ad17",17.9,12,18.2,14.3,240.5,0.03,11.95,18.18,59.9725
346,15,43310135443416,"ae16c6c2-c64c-4c8f-91fe-99e2930f68f2",17.3,12.5,16.2,14.3,594.18,0.03,12.5,16.22,76.975
347,15,43310137441417,"40451a99-cc91-42fa-8cca-f22dabff8ab5",17.8,13.2,15.2,14.3,212.21,0.03,13.19,15.23,36.61
348,15,43310137453418,"3532f4fc-5325-4626-ab2d-f02c49535960",20.2,14,17.5,13.2,339.53,0.04,14.03,17.49,36.57
349,15,43310137441419,"852556b4-d431-4fe1-bb20-a45a627f4ac3",29.1,17.4,19.6,19.4,141.47,0.07,17.41,19.58,26.3825
350,15,43312612411401,"3384b325-e7e0-4cde-aa0c-88dc71fe385b",10,7,7.5,6.4,240.5,0.01,7.05,7.54,6.4625
351,15,43312635431402,"e54abf49-0277-446c-b015-d02d4abd1d32",25.3,13.2,14.3,12,127.32,0.05,13.2,14.35,35.7
352,15,43312635432403,"3fa168a7-586f-4f1a-97fc-71368ea8a956",12,8.5,11.8,10.3,396.12,0.01,8.47,11.76,27.6175
353,15,43312635443404,"6c5f7f5f-92a6-4858-9b6e-80aa190ea328",22.6,16.5,20.3,17.6,297.09,0.05,16.46,20.25,72.805
354,15,43312612432405,"1206fbe4-78df-499f-8cee-5f43983cdeef",23.6,14.5,14.7,14.4,169.77,0.05,14.48,14.71,46.5975
355,15,43312612411406,"1024539a-6c90-4663-b887-55eb4e264206",8.6,8.1,9.2,8.8,311.24,0.01,8.14,9.15,8.0025
356,15,43312607443407,"d9ddc887-f6d2-4a82-a978-d5bdc9cbf294",26.5,22.5,23.4,22.9,410.27,0.06,22.54,23.35,136.1975
357,15,43312412423401,"3f14f0c7-5505-4405-9fe4-f9cd0ca2fe69",10.6,7.9,9.1,8.5,1259.09,0.01,7.92,9.07,48.0475
358,15,43312408433402,"73a85c2b-4597-4f8c-a741-3b009f9332ae",18.6,18.1,21.1,19.2,481,0.03,18.11,21.09,80.175
359,15,43312408423403,"fe81d6d0-06bb-4043-9c28-55a4323b7fa2",12.4,9.1,9.5,9.5,806.39,0.01,9.11,9.49,33.89
360,15,43312408411404,"3a8b68c4-8ecf-4030-af53-40abec5fa77e",5.8,5.5,5.6,5.6,396.12,0,5.52,5.58,3.37
361,15,43312512412401,"9d9d96f3-ad04-4866-8522-104fdb1b6036",8.8,7.2,7.8,8,381.97,0.01,7.19,7.83,7.86
362,15,43312537421402,"67f2e988-0513-4a00-ae01-e23b0eac0913",10.8,9.8,11.2,11.1,495.15,0.01,9.77,11.24,23.9675
363,15,43312537433403,"816d4d37-09a2-4811-9fb8-274fd30bf849",13.6,11.2,12.5,12.2,452.71,0.02,11.21,12.48,65.875
364,15,43312437423405,"f1b76df8-d287-43f8-b7b0-f111e5cf089f",10.1,7.6,8.6,8.2,693.21,0.01,7.56,8.56,42.9075
365,15,43312506431404,"6e8b5ce6-7fab-4833-9e9c-5e4a61eeebb4",14.4,9,10.4,10,396.12,0.02,9.03,10.36,19.8225
366,15,43312437432406,"15c29859-527b-44af-b739-ea9f1be3e57f",14.8,12.9,16.2,14.3,594.18,0.02,12.93,16.18,109.075
367,15,43312437422407,"8054e1a1-d822-402e-bccf-10d778d7eb55",9.4,6.9,7.9,7.4,848.83,0.01,6.92,7.86,23.8925
368,15,43312437441408,"a8933815-54f2-4e24-be44-db29fdc39bc5",15.7,10.7,14.3,11.9,311.24,0.02,10.69,14.33,47.215
369,15,43312431422409,"8b2bf985-024b-491e-ab16-2990e3d15347",7.6,6.9,7.3,7,933.71,0,6.86,7.32,16.4925
370,15,43312431422410,"d9a5475a-d3d1-402d-b52b-ee6e633d05d8",7.3,6,6.2,6,933.71,0,6,6.15,13.2425
371,15,43312412422411,"7f21f95f-70b3-4bb6-b700-69ce80e0a5f3",8.7,7.3,9.1,9.3,594.18,0.01,7.26,9.07,16.7
372,15,43312435421412,"1551c8c9-b118-418f-b0a8-298bde5ace36",14.2,8.1,9,9.1,226.35,0.02,8.13,9.01,14.295
373,15,43312431423413,"ec9812c2-5dc9-4ab8-92fb-76f7315da6fc",10.9,8,10,9.9,466.85,0.01,7.98,9.99,18.0725
374,15,43312431421414,"7a9638c4-23da-4819-9ed3-b956a2b9a876",11.4,7.5,8.5,8,396.12,0.01,7.49,8.5,14.065
375,15,43312431421415,"c0534644-1703-4794-a939-3f2bc19354c6",13.5,8.5,9.1,9.1,325.38,0.02,8.48,9.07,19.6175
376,15,43312431431416,"1c8b36be-afd0-49e5-8457-11439e1f4760",15.9,11,11.6,10.9,226.35,0.02,10.97,11.59,22.565
377,15,43312431422417,"0fd39b3a-1a0e-4a7d-9c86-76560e2d7bbd",11,7.6,7.9,7.8,339.53,0.01,7.56,7.89,12.5325
378,15,43312412412418,"a08b3050-3bdd-4412-bbc9-280c7e3763c5",7.5,6.2,6.4,6.5,367.82,0,6.25,6.42,5.2575
379,15,43312436421308,"ac507f96-9a71-42a7-800c-52fb2f85f335",9.9,7.5,8,7.9,650.77,0.01,7.52,8.01,19.4725
380,15,43312436422309,"dfd50fd5-3e9b-4f26-a1a7-c8c5fcae8502",7.9,7.8,8.8,9.5,1372.27,0.01,7.77,8.8,24.17
381,15,43312436432310,"30fd6469-1ba4-4a0d-bda7-02507700ccaa",13.3,11.5,12,12.1,778.09,0.01,11.46,12.02,45.2525
382,15,43312435431311,"068ec12d-45a5-4232-bdff-19994d170076",18.5,11.1,11.7,11.4,240.5,0.03,11.09,11.72,23.0425
383,15,43312435431312,"49b721e8-9024-43dd-afa2-1fd319973eb8",13.5,9.7,11,10.6,693.21,0.02,9.66,10.95,37.9675
384,15,43312435431313,"450bda70-d02c-462d-99bb-57923f091640",13.6,11,11.8,11.5,650.77,0.02,10.97,11.83,36.555
385,15,43312435433314,"09c5ccf2-15a0-46a3-bc1b-f3b69416f63c",13.8,11.5,12.8,12.5,1358.12,0.02,11.45,12.83,85.2825
386,15,43312435432315,"0b2ae167-8162-4391-8cb9-5ce49f910288",13.4,11.3,12.1,11.7,792.24,0.02,11.35,12.11,41.95
387,15,43312406431316,"a86fcc22-6b37-4954-8e8c-1782fe1a4b49",15.1,10.5,11.3,11.1,636.62,0.02,10.5,11.32,35.1925
388,15,43312406422317,"265a7f1c-4fe0-4a67-a790-e0296bd17cee",11.8,8.9,9.8,9.2,1259.09,0.01,8.89,9.83,40.0025
389,15,43312406422318,"48a55af8-a1b0-48ff-ac48-68d0881088ac",11.4,8.5,9.1,8.8,1273.24,0.01,8.52,9.07,35.615
390,15,43312435433319,"05ecb20d-48e8-4c12-8e6e-fa33dd961432",13.2,10.6,12.1,11.5,1499.59,0.02,10.63,12.09,78.795
391,15,43312407431320,"061acc97-e4d4-4fa5-808e-e51125ae65a7",16.4,13.3,15.6,14.2,551.74,0.03,13.28,15.56,63.3925
392,15,43312435433321,"dde5c420-557b-4f33-a27f-060d5d3b8b83",13,10.9,12.1,11.6,1839.12,0.01,10.85,12.15,93.755
393,15,43312435442322,"7e894dfe-04df-4cba-a7da-c61fa85041c0",13.6,11.2,16.4,14.6,1471.3,0.02,11.24,16.4,131.325
394,15,43312436421323,"546e7df5-8d28-4d48-a288-fda3a200bb8f",11.3,7.9,8.5,8,693.21,0.01,7.92,8.47,21.385
395,15,43312412431324,"722ee1ee-d664-4c96-baaa-0b31adbb9f55",13.1,11.6,14.2,12.1,1188.36,0.02,11.57,14.18,192.9625
396,15,43312436423326,"681c91df-1689-4fd9-82c3-d0bed75f2859",10.3,8.6,10.1,9.7,2405.01,0.01,8.62,10.14,84
397,15,43312431433327,"832b31d3-6fb1-4131-8b25-72735166f1d9",11.4,10.3,12,11.6,1584.48,0.01,10.28,12.04,119.8025
398,15,43312431421328,"6e97f02a-ef44-4e1e-8df5-d7f7702a5714",10,7.8,8.9,8.5,438.56,0.01,7.79,8.93,16.2775
399,15,43312436423329,"3005cf36-3eb6-41c2-ad2d-7724ab702e64",11.7,9.6,10.8,10.6,1400.56,0.01,9.58,10.79,65.085
400,15,43312412431330,"048cb247-9b81-4156-9ecf-dfc82194d8d5",10.9,9.4,11.5,10,1061.03,0.01,9.38,11.51,52.32
401,15,43312435421331,"03dea219-2e9c-4149-922f-d984bf52fcfe",10.2,8.6,9.7,9.1,1471.3,0.01,8.64,9.71,52.2075
402,15,43312412433332,"21bf70da-c8ae-4584-b4ee-2722c2bc7f64",10.6,10.9,12.6,11.5,1853.27,0.01,10.91,12.63,96.655
403,15,43312412423333,"f4c73b3d-3044-41b9-a968-3d0624b876ce",8,8.5,9.7,9.2,2574.77,0.01,8.53,9.69,60.33
404,17,43312435442334,"16cd9eea-c898-454a-b79d-37b0f43479a5",13.7,12.5,15,14.1,1287.39,0.02,12.45,15.04,196.295
405,15,43312435423335,"dddd4258-4215-4eb2-9d17-d7b3d6d2bb0c",9.6,8.8,10,9.6,1584.48,0.01,8.75,10.04,55.89
406,16,43312437422336,"8b79b62d-b8fe-4896-82bc-57c33576fa87",13.2,8.6,10.7,10,947.86,0.02,8.58,10.7,239.39
407,16,43312435422337,"d4498947-15ab-4718-b219-91ff35d278c7",9.7,8.2,9.3,8.9,1598.62,0.01,8.21,9.3,44.6425
408,16,43312407413338,"a5f73137-06bf-421f-916a-0b6d5f7ed00b",9.2,6.4,6.9,6.6,1386.42,0.01,6.45,6.85,24.9075
409,16,43312407413339,"c023583b-bbd3-4d89-9c13-1990d066e12d",8.6,6.3,6.6,6.4,1386.42,0.01,6.33,6.57,20.65
410,16,43312435423340,"0bcb393b-0a3e-43ca-becb-913439cf0062",9.8,7.5,8,7.7,2405.01,0.01,7.51,7.97,47.16
411,15,43312435422341,"83acc353-97d2-4a81-a76c-b9106d2749bc",10.9,8.6,9.3,8.9,1584.48,0.01,8.63,9.33,50.1225
412,15,43312435423342,"0f89841f-14e8-43e4-bb88-1ed80602f673",10.7,9.2,10.1,9.6,2235.24,0.01,9.21,10.06,70.935
413,17,43312435441343,"0e97cab2-d3c9-4203-ac87-ee7815683177",15.7,13.3,15.9,14.9,622.47,0.02,13.29,15.93,46.835
414,16,43312435441344,"bd739e86-d6c2-4e78-bed8-d9e51021cbb9",15.1,13.3,15.6,14.2,707.36,0.02,13.27,15.64,53.1625
415,16,43312407413345,"065b39e1-df7c-4331-8b1e-c87877ba2461",7.2,6,7.2,6.4,2192.8,0,6,7.25,25.7675
416,17,43312435443346,"d03ebe35-6772-4dce-b762-b8edc6f7ab14",13.9,11.4,14.8,14.1,1428.86,0.02,11.41,14.78,83.49
417,15,43310106422302,"f82effeb-be01-4c25-af01-d15a3d182c77",10.1,7.7,10.7,9.9,1980.59,0.01,7.73,10.72,58.42
418,15,43310112423303,"b44ccbc6-b265-4002-adea-cd7ecaa24263",11.9,11.3,13.5,11.7,1428.86,0.01,11.27,13.51,102.9375
419,15,43310112422304,"3ca12ae3-6559-413f-8eb4-232836fc58a2",11.1,9.7,12.5,11,1641.06,0.01,9.68,12.5,102.635
420,15,43310137433305,"8e547e5a-f927-4205-8429-040213388c82",12.5,10.6,13.8,12.4,1230.8,0.01,10.56,13.78,109.0375
421,15,43310107432306,"9cd0d281-5c02-4854-b51a-0c42a9f67855",17.3,13.5,17.1,15.7,1075.18,0.03,13.53,17.11,153.1575
422,15,43310107432307,"5d559122-79d5-4fad-b387-3268df1ab445",14.1,11.8,15,13.1,976.15,0.02,11.84,15.04,95.02
423,15,43310107432308,"76201c9f-a9c5-41d4-a103-32ec8c59adf7",15.7,11.1,14.1,13.1,919.56,0.03,11.14,14.08,101.805
424,15,43310101432309,"f96d07a6-530f-419c-98d2-c54efd55fa0c",12,10.5,14.1,12.8,1202.5,0.01,10.55,14.07,95.9325
425,15,43310107433310,"b87fc15e-ce94-45f5-9b2b-7ea0f172be6e",15.2,12.3,13.5,13.3,1117.62,0.02,12.3,13.51,99.9525
426,15,43310112431311,"33eb52b3-ec3f-49d5-b7dd-7275baa79617",12.7,10.6,14.2,12.6,1004.44,0.02,10.57,14.15,91.5725
427,15,43310106421312,"f02e7821-571d-4a84-a419-4c82d8cf42bc",10.2,8.3,9.8,8.7,1259.09,0.01,8.29,9.84,35.6175
428,15,43310112432313,"cbbb3030-0fd6-447b-9247-ae04a15e6e90",14.7,12.3,14.9,12.8,947.86,0.02,12.29,14.88,119.3575
429,15,43310112432314,"dd93fa17-033e-4ec3-b0f7-0e63c0dbf568",12.4,9.3,12.1,10.8,1372.27,0.01,9.34,12.09,91.92
430,15,43310112451315,"19473eae-0703-43bb-abe5-1b9b3c06f67d",48.1,30.3,32.1,31.4,254.65,0.19,30.27,32.14,1137.735
431,15,43310112432316,"5a29629c-cad0-4ea1-a690-10899e47b08e",17.2,12.5,17.1,15.2,650.77,0.03,12.51,17.08,130.495
432,15,43310107441317,"4c29cad1-c6a4-4aa7-9602-9f60f07acb27",14.5,10.6,16.8,13.6,820.53,0.02,10.59,16.77,102.9825
433,15,43310112423318,"7f46c988-b2cc-469f-b8a6-3560eb416070",11.3,10,12.1,11.2,2150.36,0.01,10,12.07,126.805
434,15,43310112421319,"b891eb5d-c233-4d6c-8358-b679800ff44f",11.9,10.5,12,11.3,1075.18,0.01,10.53,11.96,65.5325
435,15,43310136432321,"97084b3f-777e-4a6e-bb5a-d25228b8bc7c",12.8,10.2,15.9,13,1103.47,0.02,10.19,15.92,95.52
436,15,43310107422322,"b405a079-60bc-4f6c-ae14-83346daf7f4d",12.3,8.4,9.7,9.3,1301.53,0.01,8.4,9.68,59.7675
437,15,43310135432323,"bbbdae38-4588-4887-8feb-c67063ffba8c",12.5,9.8,11.5,11.1,1471.3,0.01,9.78,11.53,78.0475
438,15,43312407421301,"7bb16275-3003-4782-9b37-2a5c0e070955",13.1,7.6,8.1,8.1,466.85,0.01,7.63,8.13,21.0075
439,15,43312407421302,"7b6f9550-b801-46cc-824a-4c365f048a58",9.8,6.8,7.2,7,707.36,0.01,6.75,7.23,18.5325
440,15,43312407421303,"d0d112c5-7122-429f-bb4c-9a027ae41921",10.6,7.2,7.7,7.4,749.8,0.01,7.19,7.75,21.8325
441,15,43312436431304,"62425573-45fd-4267-8da2-f0e9b1f60c4c",17.1,10.7,15.4,14.3,481,0.03,10.73,15.43,72.4125
442,15,43312436432305,"b4689211-1908-4df5-b685-74c503c16258",11,8.5,10.7,10.1,1216.65,0.01,8.52,10.74,43.54
443,15,43312435421306,"4f295925-57e5-478e-a75a-b012bd80e465",9.2,7.6,8.8,8.6,1032.74,0.01,7.65,8.78,27.1125
444,15,43312412421307,"7072684d-e43f-4c28-926f-b912c2826eb8",9.7,7.6,8.3,7.9,1117.62,0.01,7.63,8.32,30.4575
445,17,43312412413419,"a2e74651-9bc5-4fd8-bd9b-4ca1940c3997",7.1,6.5,7,7.1,2928.45,0,6.46,6.98,32.615
446,16,43312431412421,"58960262-b17a-4a5a-a6c4-65ff3879ac51",8.4,6,6.2,6,452.71,0.01,6,6.17,7.075
447,16,43312401453420,"1bf15fd4-1694-426b-8466-3226cca02d5d",18.3,15.9,21.6,19.6,862.97,0.04,15.9,21.6,210.925
448,16,43312412413357,"43c49276-cafc-4807-b1ab-933e8c507a2d",7.2,6.9,7.4,7.5,2914.3,0,6.86,7.42,39.1475
449,16,43312401452358,"7571056d-4943-4115-8fe8-03dc418a4f9a",17.4,13.9,22.4,19.7,509.3,0.04,13.88,22.38,508.81
450,18,43312401443360,"c4846def-40e3-48cf-ae72-4a62dd90cbbe",23.6,13.6,15.3,15.1,608.33,0.05,13.57,15.27,137.0075
451,16,43312537411301,"f9231037-703f-4a64-890c-c035f9d7dfe5",8.6,6.2,6.6,6.5,778.09,0.01,6.24,6.61,13.785
452,16,43312536411302,"2adc60bb-6115-47d5-a0a2-78f81802b94a",7.4,5.8,6.1,5.7,636.62,0,5.75,6.12,7.39
453,16,43312536411303,"27411c28-b728-4d5b-a5fe-c953e7d71e6f",6.2,5.2,5.5,5.4,381.97,0,5.21,5.47,3.1925
454,15,43312512413304,"ed0c2c7e-8f1c-469f-a604-de5a44eafd0c",7.7,7.3,7.7,7.5,1867.42,0,7.29,7.66,33.7575
455,16,43312536412305,"e4a52c5d-c186-45e2-915d-cadfef6b55a8",7.8,6.8,7.1,7.1,919.56,0.01,6.77,7.15,14.3225
456,15,43312401442359,"afeea135-a732-49ee-b6c1-b40bc2a7e193",13.6,10.4,14.7,12.8,481,0.02,10.45,14.69,170.64
457,15,43312735412401,"afac8c1c-8312-418e-ab6d-1dd1e6c447fa",10.1,6.4,7,6.6,410.27,0.07,19.18,21.82,202.365
458,15,43312708412402,"83718527-8d26-456f-967a-a33070ea59e4",10.7,6.2,7.9,7.4,254.65,0.06,15.26,23.27,89.1725
459,15,43312708412403,"55681720-fd34-49fa-990c-94b92f09223c",7.2,5.4,6,5.6,396.12,0.01,7.3,10.24,7.4075
460,15,43312701443404,"596543ff-8566-4844-83d1-fd7b0d0d1589",17.5,12.1,15.7,14.1,820.53,0.03,12.11,15.69,158.135
461,15,43312737413405,"bd7a32b6-34f7-4bd1-a1f5-f3498972dd63",8.9,5.9,6.5,6.1,169.77,0.11,22.48,23.74,124.07
462,15,43312737411406,"c9d8c673-218b-40f1-b34f-6c3349ad7ef0",7.2,5.5,5.6,5.4,297.09,0.1,24.56,26.53,219.55
463,15,43312737412407,"b1c5dc2b-072f-4644-a280-6aa0ea5b719d",8.1,6.5,6.9,6.7,226.35,0.1,22.02,22.44,125.51
464,15,43312736412188,"0fc5b617-2fc6-4ab1-a080-435c4846a613",7.3,6.5,7,7.1,297.09,0.06,19.19,21.9,123.2375
465,15,43312735411189,"cc555a81-a4b6-4e0d-ab80-f5c9b2c86539",10.6,6.8,8.7,7.8,410.27,0.05,13.99,19.98,131.9125
466,15,43312736452190,"73e752c0-bae5-4e1d-816d-6abf38e29073",34.5,24.6,26.5,26.1,240.5,0.09,20.77,23.97,159.015
467,15,43312707453191,"9dfa0a8c-0aa4-4573-8dfd-7bad3e674ebc",24,15.3,23.3,17.8,183.91,0.14,23.37,23.82,152.3925
468,15,43312735452192,"65a940f4-2152-4882-b150-1930ffbd5b4b",19.1,14.2,19.9,16.2,1188.36,0.02,14.06,16.31,100.0175
469,15,43312731451193,"cfe58c6d-a2c3-42db-8e7d-736fcde24c3d",21.4,14.7,19.5,17.3,1018.59,0.04,16.83,19.07,209.2425
470,15,43312731451194,"46f63020-274d-44b4-b95d-67a914a74944",22.1,14,20,20.4,792.24,0.04,15.98,19.78,209.4525
471,16,43312737411195,"2695c521-0ade-4048-87ca-844e673d23c6",8.5,4.8,5.2,5.1,381.97,0.07,21.59,22.91,159.275
472,16,43312736411196,"cf0737a3-a39d-47a4-854b-d224ffd8cc48",10.9,6.8,8.5,7.1,212.21,0.1,19.21,23.08,112.1875
473,15,43312737423197,"0cd77855-aa91-46d0-a5e9-2da8b990ae1c",14,7.5,10.6,8.1,877.12,0.04,21.84,25.15,202.065
474,15,43312735452198,"baf3cafa-c6b2-41ce-a6a9-cff82ea6c014",19,11.4,17.7,14.4,551.74,0.06,16.15,20.22,156.72
475,15,43312708412199,"128703e8-7c3d-4e79-8291-21325fb0b81e",8.4,7.8,9.1,8.4,155.62,0.16,21.84,24.37,131.195
476,15,433127364131100,"dfdb8f11-7468-4b8d-b144-66be2c39a381",7,5.3,6.3,6,169.77,0.17,23.83,28.34,274.0025
477,15,433127364121101,"95b0f296-d02e-462c-96ac-cbd0af97fa99",8,5.6,6.9,6.4,113.18,0.19,17.5,24.65,196.76
478,15,433127364121102,"97357ae1-8fbe-4516-8176-606529d7b59b",6.9,4.6,4.7,4.7,169.77,0.07,20.57,23.37,91.01
479,15,433127084111103,"4d388a07-be1a-4734-a7da-579313a7d7c6",8.9,7.3,10.2,8.6,410.27,0.03,15.13,22.06,98.425
488,15,43312701433102,"b62f5b52-3489-49ad-b0dd-8bcdc46c2043",14.6,10.3,11.1,11.4,1598.62,0.02,10.32,11.11,154.9225
489,15,43312707433603,"7c092268-1d0c-4381-8dd6-b6229bc522cf",13.5,12.9,13.4,13.2,820.53,0.01,9.56,12.49,46.2025
490,15,43312723431664,"94fa7214-341e-40f5-a833-998e1223d4a0",16.3,11,12.9,12,1089.33,0.02,9.11,10.18,67.93
491,15,43312723443665,"0707ee2d-83fa-490c-aff0-9213da2d046b",16.4,12.1,13.8,13,820.53,0.03,13.61,14.3,79.9825
492,15,43312723442663,"e66b5e53-f15c-4055-95b4-9d82a0eb68bd",14.9,12.1,14.1,13.1,1131.77,0.02,10.41,10.67,51.2375
493,15,43312723442555,"a16e5b8b-1cf1-4bc8-935b-765615b10cac",18.9,13.1,14.8,14.1,1145.92,0.02,11.41,11.94,80.52
494,15,43312723432556,"388eb528-52a1-4ed3-9128-efcd19eebf8e",13.7,9.6,11.9,10.8,1202.5,0.02,10.32,10.63,69.7525
495,15,43312723432557,"5d97e2be-e50d-4570-8428-a5d49f455856",14.5,10.4,11.2,11.2,947.86,0.02,10.29,10.98,66.4925
496,15,43312723422666,"5fa86257-32d7-443f-8e11-380661125f13",14.3,9.1,10.2,9.6,481,0.06,20.39,21.83,232.1975
497,15,43312723442667,"9d9b0eac-025d-4da9-bedc-18bc43b7fee3",14.3,12.2,13.7,11.9,1117.62,0.01,11.17,11.66,43.58
498,16,43312723433165,"d7b1daa6-99db-43fa-9b19-10ebd524b16d",15.8,11.4,11.9,11.7,608.33,0.02,9.96,10.22,27.805
499,16,43312723431166,"138e61bb-1def-4eee-8afd-ab66cb9edcfd",13.6,10,10.2,10.2,1400.56,0.01,9.02,9.86,49.97
500,17,43312723433167,"67a291ee-2a3b-40a0-aaa1-ec6a241060bc",14.1,10.4,10.7,10.5,396.12,0.02,10.86,11.96,26.6025
501,15,43312723421168,"e1d00f6a-09fb-447c-8cad-044f6c32d287",16.4,9.1,9.6,9.3,254.65,0.07,19.92,21.97,153.925
502,16,43312723441169,"8d3ab5cb-dc6b-4196-9148-a1d4911bf583",17.5,13.6,14.3,14.2,962,0.02,10.39,11.24,63.4825
503,16,43312723423170,"0ec0c255-03b8-4882-8d7d-c7426e0c5fd5",14.9,10.3,10.6,10.5,381.97,0.02,9.15,9.58,28.5375
504,15,43312723423558,"7f2efefe-15af-4ba8-b697-5cd3d8d249a6",15.2,10.3,11,11,481,0.02,9.9,11.45,41.49
505,15,43312723421559,"29cb12d1-e404-4d1c-8704-ae087811da04",15.5,9.9,11.4,10.8,410.27,0.06,19.75,21.53,212.48
506,15,43312723422560,"8c30c5d9-12a1-42b4-9bbf-ad724c3d7077",13.5,9.5,10.5,10.4,466.85,0.04,16.3,19.82,135.155
507,15,43312706423171,"321ba3cf-5319-4c0a-823e-ed32c1fdf05d",12.3,9.5,9.9,9.9,962,0.01,9.46,9.94,32.5025
508,15,43312706423172,"f55e4731-d459-4bd8-b9cc-e32fff1d341f",11.3,9.1,10.1,9.6,1046.89,0.01,9.13,10.12,31.195
509,15,43312735422173,"ced6af94-509e-4c49-b47c-4e34db9b6fbb",13.5,9.7,10.6,9.9,212.21,0.11,20.82,22.6,208.8325
510,15,43312723443668,"63dfa025-4f56-46b2-b5d2-c76345db5273",16.2,13.7,14.7,14.2,537.59,0.03,13.11,14.81,73.895
511,15,43312723442669,"cc242a05-026a-49a6-8456-862f0a7e836d",15.8,13.2,14.4,13.9,1188.36,0.02,12.43,13.07,77.4025
512,15,43312712421561,"e3ee781a-1b5a-49e8-a8d1-495313a6798e",14.2,13.2,14,13.8,99.03,0.14,23.84,24.09,95.845
513,15,43312712433562,"2f04a35f-c1ab-4508-9b7c-c3e9f92e1b66",15,14.1,15.3,14.9,169.77,0.15,27.6,28.6,220.34
514,15,43312712442670,"4f2de457-3b2b-4405-8486-3f4a708689a2",16.5,15.5,18.2,17.2,976.15,0.02,10.85,13.5,80.43
515,15,43312712433671,"408ffe0e-92f1-4d65-a32b-a692645e07db",15.2,12.6,14.6,14,155.62,0.1,27.37,31.53,154.6125
516,15,43312707452672,"b7de4c0b-4600-444f-bddf-b5a1be4133f7",21.7,19.8,22.2,22.1,198.06,0.07,17.11,25.82,79.5925
517,16,43312706432174,"80900031-9adb-4e8d-a5a0-8703cd4e4a1a",11.9,10.7,11.3,10.9,990.3,0.01,10.65,11.27,29.4425
518,15,43312735443175,"367c0b02-9199-4e12-bbb6-8badfcf8c46b",14.7,14.1,16.3,15.1,537.59,0.02,9.71,10.56,26.51
519,15,43312735423176,"86cada1c-be1f-4e59-aff8-66974e0ec2fe",14.3,9.6,10.4,9.9,311.24,0.08,18.7,23.14,210.9325
520,15,43312706423563,"b102d476-7b52-47be-93a2-9a57de16629b",11.7,10,11.8,11.3,1754.24,0.01,10.02,11.83,66.2975
521,15,43312712413564,"1f251a9c-c303-4aeb-afc4-5bbc3336d436",9,7.9,9.5,9.1,56.59,0.31,38.1,39.02,233.065
522,17,43312723433501,"4496df7e-4c21-4eb4-b22d-a2811c9254fc",12.8,11.2,11.7,11.6,580.03,0.02,11.05,12.86,57.4075
523,15,43312723433502,"3f150d33-4175-463e-8f38-9d889c0a9d2f",14,12.4,13.1,12.8,1145.92,0.02,9.62,11.89,73.985
