"FIDs","BAN_JING","YDH","YDMZGUID","IW_Gamma0_VV_mean","s1vh","s1vvstd","s1vhstd","s1med.x","s1med.y"
15,15,"43312712441551","ac46aa3b-4cc4-4374-883e-01d70d63693e",0.145148202777,0.0377853885293,0.0245682802051,0.00560166081414,0.141715228558,0.0372265838087
16,15,"43312712453552","a78d641b-70ef-4edc-89a3-931219ba1066",0.221729829907,0.0531959794462,0.0287127271295,0.00923182535917,0.223303794861,0.0521904341877
17,15,"43312712441553","32376bf1-fd9a-497e-b661-c9a372efd076",0.145866960287,0.0429792106152,0.0294614173472,0.0065228282474,0.142069771886,0.0418718345463
18,15,"43312712451160","2b36336a-712a-4d6c-aa57-ce5e1c46b773",0.140764072537,0.0421014614403,0.022853076458,0.00702866306528,0.135424658656,0.0417674817145
19,15,"43312712453161","5e9f9253-e558-429b-8e93-81e1b320a12b",0.130906537175,0.0355706699193,0.0224820673466,0.006289888639,0.126918628812,0.0354047976434
20,15,"43312712453162","5e9f7797-2e5e-4de8-9cb7-b168d0b6cee8",0.131076991558,0.0361064746976,0.0191902909428,0.00517764827237,0.12968993187,0.035394616425
21,15,"43312712433657","4ccd2452-b23c-4f86-b3f3-232805a6f11e",0.232946023345,0.0646786540747,0.0431005358696,0.0115181403235,0.229200392962,0.0629756897688
22,15,"43312735451658","812617c5-96a4-4fc1-9c52-3170c5804eaf",0.163741961122,0.0436359234154,0.0352832637727,0.00874383654445,0.158101573586,0.0438725240529
23,15,"43312712441659","17f2ffb6-f07f-4ad5-8cae-f7f4f929c658",0.237988129258,0.0547562539577,0.0408038385212,0.0087825357914,0.236015573144,0.0548545531929
24,15,"43312712452660","e5814cf4-0590-46f0-8372-26e96e17e64e",0.21627292037,0.0545151308179,0.0387698970735,0.00955139193684,0.21261741221,0.0537177585065
25,15,"43312537423202","aae0eb7b-36b6-41e3-aac3-22616ebad49e",0.24400959909,0.0663286969066,0.0403722636402,0.00899728015065,0.232775583863,0.0651680454612
26,15,"43312536423203","283e27f1-409e-4e2d-a635-a905f4f5df64",0.23810814321,0.0624055452645,0.0483660399914,0.00941553805023,0.228800728917,0.0616020038724
27,15,"43312512442204","a45ce21f-ea12-4baa-a51e-58701dfec13b",0.130081489682,0.0373406484723,0.0188927222043,0.00440703192726,0.130921915174,0.0369857139885
28,15,"43312512453205","75fb67a2-ae84-4944-bcff-95989facfa18",0.134534016252,0.0392496138811,0.0193681716919,0.00426781130955,0.134082689881,0.0387227907777
29,15,"43312535423206","78f56919-aafc-4b6e-9e3d-bc0ae69a28cb",0.162908449769,0.050479285419,0.0226183664054,0.00650215428323,0.162618324161,0.0498016662896
30,15,"43312523441207","8d298e20-dacd-45c1-a1e8-f8cd7f5376e7",0.177317023277,0.050187446177,0.0312149394304,0.00696547934785,0.171128973365,0.0500183217227
31,15,"43312523441208","089ef4c7-ec3a-4dea-843e-e757cd45d312",0.149532556534,0.0472587347031,0.0216340981424,0.00674916012213,0.145376935601,0.0475120730698
32,15,"43312523443209","2f378473-5cb2-42a2-a057-78b7023ded1e",0.152390792966,0.0470889173448,0.022477671504,0.00593428639695,0.145780012012,0.0472483746707
33,15,"43312512451210","a0a12251-6a86-444d-aedf-1c251368aca9",0.171161010861,0.0538440160453,0.0283373836428,0.00611063931137,0.171460330486,0.0530962273479
289,15,"43310106432201","9687fd9e-d762-4d6d-a129-e4d4e48953fe",0.163071721792,0.0517226904631,0.0238062515855,0.00530290743336,0.158484980464,0.0518723390996
290,15,"43310106422202","0ab7b14a-c98f-4f00-bcd1-b45e36f40429",0.136869266629,0.037586029619,0.0285493675619,0.00564964255318,0.130610525608,0.0371067784727
291,16,"43310101421203","f5d87601-cd53-451d-b916-857f0961b952",0.163087114692,0.0469785407186,0.0327113419771,0.00418697670102,0.158842280507,0.0471299141645
292,15,"43310101422204","ce1370a4-a1f7-44eb-a0af-fde41b0c9093",0.180393829942,0.0513983629644,0.0247259959579,0.00535308150575,0.184906497598,0.0507705770433
293,15,"43310101422205","3c3cd145-76da-4281-b4a3-0bce363652c2",0.231253534555,0.0616371557117,0.033458031714,0.00640088226646,0.232261955738,0.0612665377557
294,15,"43310107433206","e253d91c-8a04-4e6e-96b5-84dd50184130",0.208425298333,0.0725721642375,0.0326456911862,0.00940953847021,0.201404333115,0.0725279226899
295,15,"43310107433207","94994ac5-f65b-40cb-b7fc-b447abe12364",0.248624935746,0.0708567798138,0.0349176041782,0.0115418881178,0.240661561489,0.0720263719559
296,15,"43310137421208","81ae2cd8-c347-4da5-8e66-e10916086a99",0.209178835154,0.0528467781842,0.0434327088296,0.0086243133992,0.213820844889,0.0528464652598
297,15,"43310112422209","e5f03a27-d0a9-47c9-98b5-060f22d22468",0.133789584041,0.0386795885861,0.0192685090005,0.00442370492965,0.132616728544,0.0392257459462
298,15,"43310136421210","fe8131b4-7041-4c8a-ba33-7b92bf917a76",0.191289022565,0.057776581496,0.0210489761084,0.00665862858295,0.190312251449,0.0565980933607
299,15,"43310135422211","834872c7-34b4-4bea-8e1c-42271a87c97e",0.115944355726,0.0339610204101,0.0193959195167,0.00421868078411,0.116331502795,0.0338424667716
300,15,"43310107422212","fd6105f2-2c9c-47bc-ad01-01563f220572",0.13177524507,0.0336905606091,0.0257920604199,0.00404840847477,0.13307005167,0.0340807177126
301,15,"43310136442213","b67b406f-4ca1-4e01-b587-a4dd54c92336",0.219558238983,0.0548102855682,0.0215449482203,0.00721886754036,0.222095906734,0.0541804246604
302,15,"43310106421214","e1662098-5650-46c6-b463-6ccede1d5f66",0.256718575954,0.0667477473617,0.0375195257366,0.0100867692381,0.258264034986,0.067988678813
303,15,"43310107411215","b4fb4942-b746-45fe-ad46-71066b1fe9e4",0.300223141909,0.0908299982548,0.0399343892932,0.0486178360879,0.302607923746,0.0837463140488
304,15,"43312606422201","f51fd915-ab92-4b3d-9104-4f81e9e804be",0.163046002388,0.0454328395426,0.0295700766146,0.00555675523356,0.167375817895,0.0451904535294
305,15,"43310112412216","9bfd1282-41ab-4afc-aef1-aaa659c6a071",0.109017908573,0.027523573488,0.0185094885528,0.00414880085737,0.107564620674,0.0283577740192
306,15,"43312636431202","a0f3c07e-f883-4461-9e6a-bf7ad2bc4c60",0.201331958175,0.0445315949619,0.0276842806488,0.00805742293596,0.198338806629,0.0428958460689
307,15,"43312606421203","b1783df4-503a-40cc-ae30-1b0637772671",0.146415665746,0.0390858389437,0.0251154322177,0.00755425542593,0.146158918738,0.0385991819203
308,15,"43312612432204","e9689ee6-a8e2-46ad-8284-9eb129f48bcd",0.225104212761,0.0485454946756,0.0325615666807,0.00842483900487,0.220072984695,0.0493200644851
309,15,"43312407411201","0dd43979-0020-4e84-a7e1-d10a75d79d8d",0.252741426229,0.0627357512712,0.0613356009126,0.0104724531993,0.239621549845,0.0610929019749
310,15,"43312435421202","b6dc47bd-e636-4629-9dbc-293255473114",0.110026158392,0.0320091843605,0.018462209031,0.00546887284145,0.107415594161,0.0314012430608
311,15,"43312406433203","74dd2a59-f8ae-43f9-95ba-63c7fd391a62",0.139636397362,0.0424339659512,0.0161851737648,0.00688195647672,0.138983696699,0.0411943681538
312,15,"43312412411204","5047362e-126b-4e3d-8297-7060f70dc214",0.179008841515,0.0494175590575,0.0300051048398,0.0085780620575,0.171080261469,0.0481251999736
313,15,"43312412411205","45f347b2-e1b6-48fc-983e-cc348c7cbf0b",0.221196427941,0.0609836503863,0.0342411026359,0.0101564703509,0.212814867496,0.060030836612
314,15,"43312407411206","cecff33c-f840-4438-8f84-37bb052dd6e4",0.133220747113,0.0401744171977,0.0234305169433,0.00769987190142,0.130104020238,0.039399895817
315,15,"43312407411207","6cfcb5e9-9cd4-4ada-86f4-930a69e68bf9",0.132237866521,0.0409280173481,0.0191351082176,0.00768396630883,0.132422611117,0.0403327271342
316,15,"43312435411208","51cb131e-794c-4755-8b73-af4407bef911",0.123346723616,0.0417334623635,0.0198421459645,0.00669033452868,0.122555375099,0.0408396087587
317,15,"43312407412209","1fcac834-5785-4059-80eb-5b39381e37b0",0.204839736223,0.0681259706616,0.0401461794972,0.0122035443783,0.198244705796,0.066921941936
318,15,"43312435412210","08adb7cf-c3fc-46df-84ae-589807a95c0b",0.172773852944,0.0529469028115,0.0259407348931,0.00878589879721,0.171246677637,0.0515577830374
319,15,"43312506423201","c60fb6e9-c8a9-4dd8-b5ee-19d78bc32439",0.212872669101,0.0591827332973,0.036444991827,0.00842047482729,0.20577275753,0.0579260364175
320,15,"43312407423213","70d2c561-e2be-415a-885b-c03afe718683",0.163234710693,0.0479102544487,0.0252028107643,0.00781382713467,0.157669425011,0.046948608011
321,15,"43312407431212","9557e512-2c0a-4563-9b87-d53f78da33ff",0.250059515238,0.0670592710376,0.0502723716199,0.0105774151161,0.240700945258,0.065164975822
322,15,"43312436433211","9d55fd2e-8edd-4e5b-b39c-80ab1e3cc07c",0.228230029345,0.0588870383799,0.0539791509509,0.00993521884084,0.221371099353,0.0576577819884
323,15,"43312407431210","8a69323e-bb60-400f-97ac-49d52479aba1",0.196307420731,0.0475032143295,0.0324603319168,0.009312951006,0.192427247763,0.0458416976035
324,15,"43312437421214","fc851fd9-d18e-423e-b039-b73da1e06047",0.126525953412,0.0375412106514,0.0183602459729,0.00539695750922,0.123423822224,0.0364030785859
325,15,"43312407412215","0f2974e8-0981-4c32-ac17-f07bd05a3a43",0.287994682789,0.0568293333054,0.062357917428,0.0123054813594,0.284965872765,0.0542118288577
326,15,"43312407412216","d2031eb3-03c7-4e32-8693-eb325218e3af",0.153231203556,0.0406729988754,0.0312868356705,0.0078938184306,0.148986309767,0.0395321659744
327,15,"43312435411217","e98ea407-9bce-4259-985f-32ab2ff63151",0.273967534304,0.0674242377281,0.046505048871,0.0117926253006,0.268799602985,0.0664988979697
328,15,"43312431421218","67d083a2-cc62-47b6-9d94-c123cee15935",0.18149805069,0.0466474071145,0.0329587049782,0.0092949103564,0.173229783773,0.0457396805286
329,15,"43312431421219","67f94313-6235-4d19-a3e8-3be93f830b51",0.133745506406,0.0336340591311,0.026259817183,0.00651415623724,0.130470529199,0.0336768291891
330,15,"43312412421220","436cecfd-1c70-4f1f-9070-9a15788dcc5f",0.146599039435,0.0382759831846,0.0268306862563,0.00898432172835,0.141656890512,0.0370091088116
331,15,"43312412412221","9ed393ba-376f-4bf4-b910-2ef1cbf9acbe",0.173598900437,0.0395154468715,0.0271940473467,0.00603081518784,0.172564417124,0.0392017588019
332,15,"43310101422401","6158419e-5a82-42ef-b816-b96bea8017e0",0.218810781837,0.0605623312294,0.0360440574586,0.0132588436827,0.217921257019,0.0570889562368
333,15,"43310101432402","a5345c66-699a-4c4f-a7ab-060e85fe256e",0.219682723284,0.0600662641227,0.0361061170697,0.00625415239483,0.213341444731,0.0606487579644
334,15,"43310101433403","62a3ce04-e629-49a8-9a9c-af2f3d63fddd",0.17451903224,0.0475915335119,0.0283350534737,0.00615216745064,0.171360775828,0.0471943430603
335,15,"43310107432404","86ec39ed-ef3b-4acf-b477-9a420c44271e",0.244231015444,0.0791052207351,0.0456462427974,0.0106795346364,0.235279217362,0.0783348381519
336,15,"43310137443405","8f53e84c-d845-49a4-932d-44a4f743a22c",0.165352404118,0.0384398885071,0.0338056236506,0.00542419683188,0.16065235436,0.0382898077369
337,15,"43310106432406","fb2eedc9-18b6-4bab-a1ff-783866124ae5",0.161049321294,0.048392765224,0.0224907081574,0.00774282217026,0.164060428739,0.0463341809809
338,15,"43310107423408","c6e266f2-6fd4-4526-8764-cbfe1c8d16ea",0.290781408548,0.0835615098476,0.0932235047221,0.03771295771,0.273794084787,0.0746012851596
339,15,"43310137443409","1b06763c-d395-4a10-8784-d2747af20b8d",0.29126599431,0.0621638037264,0.0591942183673,0.00765963457525,0.282648175955,0.0616305842996
340,15,"43310136432410","4c2585f4-de09-4c47-9133-c55c274fd00a",0.102642558515,0.0295161567628,0.0172023773193,0.00462413346395,0.102915026248,0.0291310045868
341,15,"43310136433411","0ff83259-632c-4128-a661-01f350cf4f50",0.290865004063,0.0916613861918,0.0460838079453,0.0132908783853,0.286174863577,0.0885796174407
342,15,"43310106421412","4303b8d5-a3bc-4f7e-bc14-2953508af4c0",0.130494832993,0.0366972722113,0.0225318353623,0.00579265598208,0.125687018037,0.036442451179
343,15,"43310137442413","3236cc79-577e-4a7d-9ebe-64af3673ec79",0.17078524828,0.0462804175913,0.0236428976059,0.00431088544428,0.171374201775,0.0461822226644
344,15,"43310137451414","3a48436d-f58c-4134-83a1-7f1ac31524b3",0.175354376435,0.0435095690191,0.0251793023199,0.00524944951758,0.17755202949,0.0440539270639
345,15,"43310137441415","ef554ea2-0a5e-4223-a07c-4d9091e1ad17",0.198802486062,0.0454518757761,0.0284112654626,0.0070042796433,0.196848317981,0.0459648109972
346,15,"43310135443416","ae16c6c2-c64c-4c8f-91fe-99e2930f68f2",0.170592620969,0.0360274389386,0.0159163922071,0.00614047423005,0.170303151011,0.0354013592005
347,15,"43310137441417","40451a99-cc91-42fa-8cca-f22dabff8ab5",0.167406216264,0.0410852134228,0.0347120314837,0.00686139892787,0.167368352413,0.0410634949803
348,15,"43310137453418","3532f4fc-5325-4626-ab2d-f02c49535960",0.231657236814,0.0536251030862,0.0482006818056,0.00902158115059,0.226229742169,0.0532007999718
349,15,"43310137441419","852556b4-d431-4fe1-bb20-a45a627f4ac3",0.204931795597,0.0465101376176,0.0264913048595,0.00601167604327,0.201907038689,0.0469153635204
350,15,"43312612411401","3384b325-e7e0-4cde-aa0c-88dc71fe385b",0.15295059979,0.0394845940173,0.021914023906,0.00815512333065,0.150828450918,0.0390465073287
351,15,"43312635431402","e54abf49-0277-446c-b015-d02d4abd1d32",0.197222262621,0.0562954507768,0.0348551273346,0.00939763430506,0.198203250766,0.0550340339541
352,15,"43312635432403","3fa168a7-586f-4f1a-97fc-71368ea8a956",0.178297013044,0.0542865097523,0.0264718905091,0.00508325593546,0.171864837408,0.0551999025047
353,15,"43312635443404","6c5f7f5f-92a6-4858-9b6e-80aa190ea328",0.19144654274,0.0526694133878,0.0297939181328,0.00804858375341,0.199525251985,0.0502344109118
354,15,"43312612432405","1206fbe4-78df-499f-8cee-5f43983cdeef",0.184940978885,0.0493997968733,0.0251953490078,0.00871117692441,0.186689034104,0.0482075996697
355,15,"43312612411406","1024539a-6c90-4663-b887-55eb4e264206",0.149949878454,0.0454174727201,0.0246164798737,0.00717456499115,0.152882933617,0.0452032499015
356,15,"43312607443407","d9ddc887-f6d2-4a82-a978-d5bdc9cbf294",0.200852349401,0.0560504458845,0.0379906073213,0.0102623635903,0.194594368339,0.0548740774393
357,15,"43312412423401","3f14f0c7-5505-4405-9fe4-f9cd0ca2fe69",0.139761582017,0.030456578359,0.0261599589139,0.00518808420748,0.133744359016,0.0300588980317
358,15,"43312408433402","73a85c2b-4597-4f8c-a741-3b009f9332ae",0.16323722899,0.0457431152463,0.0305270552635,0.00714864069596,0.160481035709,0.0441357530653
359,15,"43312408423403","fe81d6d0-06bb-4043-9c28-55a4323b7fa2",0.158388108015,0.0411329902709,0.0252610873431,0.0069683669135,0.157983422279,0.0402911230922
360,15,"43312408411404","3a8b68c4-8ecf-4030-af53-40abec5fa77e",0.119672052562,0.0360703840852,0.0182557050139,0.00500733871013,0.115598022938,0.0354035012424
361,15,"43312512412401","9d9d96f3-ad04-4866-8522-104fdb1b6036",0.190968811512,0.0339269600809,0.0623382739723,0.00641468679532,0.181150481105,0.0333162248135
362,15,"43312537421402","67f2e988-0513-4a00-ae01-e23b0eac0913",0.175167292356,0.0484403669834,0.0368829742074,0.00971478223801,0.170136079192,0.0470230318606
363,15,"43312537433403","816d4d37-09a2-4811-9fb8-274fd30bf849",0.15856872499,0.0496531873941,0.0248832814395,0.00829425267875,0.152973264456,0.0487839691341
364,15,"43312437423405","f1b76df8-d287-43f8-b7b0-f111e5cf089f",0.190619945526,0.0442852750421,0.0327828489244,0.0080707250163,0.185172334313,0.0434171184897
365,15,"43312506431404","6e8b5ce6-7fab-4833-9e9c-5e4a61eeebb4",0.166169390082,0.0462960340083,0.0271480306983,0.0100610321388,0.161564469337,0.0447087883949
366,15,"43312437432406","15c29859-527b-44af-b739-ea9f1be3e57f",0.190084427595,0.0496753230691,0.0277321115136,0.00696376990527,0.188197240233,0.0485392808914
367,15,"43312437422407","8054e1a1-d822-402e-bccf-10d778d7eb55",0.248478457332,0.0642132982612,0.0363451763988,0.00971864070743,0.248042970896,0.0624352805316
368,15,"43312437441408","a8933815-54f2-4e24-be44-db29fdc39bc5",0.154036477208,0.0291901305318,0.0665543973446,0.00462585454807,0.140041872859,0.0287617053837
369,15,"43312431422409","8b2bf985-024b-491e-ab16-2990e3d15347",0.230551123619,0.0595898628235,0.0365558899939,0.0097535662353,0.224269658327,0.0581633485854
370,15,"43312431422410","d9a5475a-d3d1-402d-b52b-ee6e633d05d8",0.204362779856,0.0553920082748,0.0362990051508,0.0102283637971,0.202069669962,0.0533131286502
371,15,"43312412422411","7f21f95f-70b3-4bb6-b700-69ce80e0a5f3",0.137815415859,0.0318504720926,0.0267269667238,0.00652615586296,0.13284663856,0.0311684161425
372,15,"43312435421412","1551c8c9-b118-418f-b0a8-298bde5ace36",0.131861627102,0.0324835777283,0.032684199512,0.00707927392796,0.125475093722,0.0315705239773
373,15,"43312431423413","ec9812c2-5dc9-4ab8-92fb-76f7315da6fc",0.202064692974,0.0552446171641,0.0519210211933,0.010757449083,0.19147016108,0.0540954768658
374,15,"43312431421414","7a9638c4-23da-4819-9ed3-b956a2b9a876",0.200488522649,0.0506228618324,0.0453015416861,0.011686260812,0.190792426467,0.0487730912864
375,15,"43312431421415","c0534644-1703-4794-a939-3f2bc19354c6",0.136376857758,0.0345048941672,0.0194106213748,0.00585484225303,0.133793726563,0.0345575883985
376,15,"43312431431416","1c8b36be-afd0-49e5-8457-11439e1f4760",0.149721130729,0.0382815673947,0.0317295119166,0.00795645918697,0.143098205328,0.0376840978861
377,15,"43312431422417","0fd39b3a-1a0e-4a7d-9c86-76560e2d7bbd",0.181857660413,0.0489857792854,0.0503781996667,0.0133783910424,0.167358905077,0.046734739095
378,15,"43312412412418","a08b3050-3bdd-4412-bbc9-280c7e3763c5",0.125588953495,0.0362303368747,0.0261518228799,0.00500606140122,0.120747990906,0.035177513957
379,15,"43312436421308","ac507f96-9a71-42a7-800c-52fb2f85f335",0.249533489347,0.0525966957211,0.127091005445,0.0122489482164,0.215240001678,0.0510663874447
380,15,"43312436422309","dfd50fd5-3e9b-4f26-a1a7-c8c5fcae8502",0.177307829261,0.0489266104996,0.0319084785879,0.00903592538089,0.170028850436,0.0484576113522
381,15,"43312436432310","30fd6469-1ba4-4a0d-bda7-02507700ccaa",0.142571926117,0.0425020866096,0.0198134090751,0.00564376497641,0.142304390669,0.0425864048302
382,15,"43312435431311","068ec12d-45a5-4232-bdff-19994d170076",0.223232224584,0.0593608617783,0.0379966050386,0.0112511739135,0.220882579684,0.059338863939
383,15,"43312435431312","49b721e8-9024-43dd-afa2-1fd319973eb8",0.20154517889,0.0573893561959,0.0294943675399,0.00871999468654,0.200356036425,0.0564780198038
384,15,"43312435431313","450bda70-d02c-462d-99bb-57923f091640",0.183475628495,0.0574135519564,0.0255665089935,0.00919317174703,0.175382778049,0.0565720759332
385,15,"43312435433314","09c5ccf2-15a0-46a3-bc1b-f3b69416f63c",0.194023385644,0.0601848214865,0.0288162454963,0.00911673810333,0.184906169772,0.0587659738958
386,15,"43312435432315","0b2ae167-8162-4391-8cb9-5ce49f910288",0.220652237535,0.0672407597303,0.0313072539866,0.00833175703883,0.212600469589,0.0656426101923
387,15,"43312406431316","a86fcc22-6b37-4954-8e8c-1782fe1a4b49",0.195255592465,0.0499570667744,0.0304823983461,0.0107911871746,0.193007275462,0.0475666560233
388,15,"43312406422317","265a7f1c-4fe0-4a67-a790-e0296bd17cee",0.212055101991,0.0565047599375,0.0400693193078,0.0103246225044,0.205630406737,0.0556206330657
389,15,"43312406422318","48a55af8-a1b0-48ff-ac48-68d0881088ac",0.171738728881,0.0452515892684,0.0342428795993,0.0105564938858,0.16437086463,0.0445838421583
390,15,"43312435433319","05ecb20d-48e8-4c12-8e6e-fa33dd961432",0.176750853658,0.0506995394826,0.0349517576396,0.010131941177,0.180044099689,0.0497062243521
391,15,"43312407431320","061acc97-e4d4-4fa5-808e-e51125ae65a7",0.205124557018,0.0608453191817,0.0382694005966,0.00797853246331,0.198575854301,0.0598815381527
392,15,"43312435433321","dde5c420-557b-4f33-a27f-060d5d3b8b83",0.241595640779,0.0723058357835,0.0418427102268,0.0130003485829,0.234351575375,0.0705955475569
393,15,"43312435442322","7e894dfe-04df-4cba-a7da-c61fa85041c0",0.182125583291,0.0451228991151,0.0396161302924,0.00751494057477,0.182070970535,0.0442839898169
394,15,"43312436421323","546e7df5-8d28-4d48-a288-fda3a200bb8f",0.239074409008,0.0637278482318,0.03599511832,0.0070879580453,0.239055067301,0.0636120513082
395,15,"43312412431324","722ee1ee-d664-4c96-baaa-0b31adbb9f55",0.109663978219,0.0279573090374,0.0134193804115,0.00386992492713,0.108981080353,0.0272827912122
396,15,"43312436423326","681c91df-1689-4fd9-82c3-d0bed75f2859",0.260226100683,0.0712889954448,0.0828611627221,0.0158560331911,0.250398308039,0.0685713291168
397,15,"43312431433327","832b31d3-6fb1-4131-8b25-72735166f1d9",0.163065910339,0.0461792573333,0.0351574718952,0.00887732766569,0.15403239429,0.0435061752796
398,15,"43312431421328","6e97f02a-ef44-4e1e-8df5-d7f7702a5714",0.192602276802,0.050773087889,0.0296473968774,0.00709480047226,0.188171446323,0.0492226332426
399,15,"43312436423329","3005cf36-3eb6-41c2-ad2d-7724ab702e64",0.23778359592,0.0678770914674,0.0432230904698,0.0112718585879,0.231963902712,0.0666041374207
400,15,"43312412431330","048cb247-9b81-4156-9ecf-dfc82194d8d5",0.178180456161,0.049445964396,0.0324752666056,0.0061462149024,0.17603418231,0.0485700406134
401,15,"43312435421331","03dea219-2e9c-4149-922f-d984bf52fcfe",0.17168302834,0.0492784306407,0.0290248338133,0.00731561332941,0.172607570887,0.0487484559417
402,15,"43312412433332","21bf70da-c8ae-4584-b4ee-2722c2bc7f64",0.20558039844,0.0594571791589,0.0411594100296,0.0121927550063,0.197116583586,0.0578942894936
403,15,"43312412423333","f4c73b3d-3044-41b9-a968-3d0624b876ce",0.175263553858,0.0545983798802,0.0313795618713,0.00741119915619,0.165224850178,0.0537966936827
404,17,"43312435442334","16cd9eea-c898-454a-b79d-37b0f43479a5",0.154506072402,0.0473731718957,0.0230493601412,0.0072232154198,0.151617541909,0.0467644892633
405,15,"43312435423335","dddd4258-4215-4eb2-9d17-d7b3d6d2bb0c",0.164714723825,0.054918833077,0.0342310294509,0.00882862042636,0.157353922725,0.0544498413801
406,16,"43312437422336","8b79b62d-b8fe-4896-82bc-57c33576fa87",0.231649309397,0.0508183427155,0.0479358620942,0.00878390204161,0.220284804702,0.0495596937835
407,16,"43312435422337","d4498947-15ab-4718-b219-91ff35d278c7",0.176706120372,0.0527210645378,0.0365133695304,0.00849197339267,0.171859368682,0.0517127178609
408,16,"43312407413338","a5f73137-06bf-421f-916a-0b6d5f7ed00b",0.314361512661,0.0848237723112,0.0720126926899,0.0127324266359,0.294488757849,0.0814019590616
409,16,"43312407413339","c023583b-bbd3-4d89-9c13-1990d066e12d",0.402882993221,0.103306181729,0.0985982865095,0.0190958511084,0.385841399431,0.0986588597298
410,16,"43312435423340","0bcb393b-0a3e-43ca-becb-913439cf0062",0.158128038049,0.0525438226759,0.0226869564503,0.00703740352765,0.15521004796,0.0517433919013
411,15,"43312435422341","83acc353-97d2-4a81-a76c-b9106d2749bc",0.197884246707,0.0611928291619,0.03066621162,0.00864770170301,0.194133549929,0.0605756044388
412,15,"43312435423342","0f89841f-14e8-43e4-bb88-1ed80602f673",0.158632203937,0.0473850667477,0.0219870787114,0.00739005021751,0.158011525869,0.0474222116172
413,17,"43312435441343","0e97cab2-d3c9-4203-ac87-ee7815683177",0.166277676821,0.0481550619006,0.0243479721248,0.0085652526468,0.163045138121,0.0468414314091
414,16,"43312435441344","bd739e86-d6c2-4e78-bed8-d9e51021cbb9",0.15593868494,0.0471936166286,0.0254865624011,0.00648340489715,0.154940262437,0.0467493981123
415,16,"43312407413345","065b39e1-df7c-4331-8b1e-c87877ba2461",0.159875512123,0.0506576858461,0.0266267117113,0.00940016191453,0.16389618814,0.0487018749118
416,17,"43312435443346","d03ebe35-6772-4dce-b762-b8edc6f7ab14",0.167692199349,0.0501813068986,0.0240454506129,0.00853382609785,0.167813956738,0.0483436323702
417,15,"43310106422302","f82effeb-be01-4c25-af01-d15a3d182c77",0.368773192167,0.126276805997,0.0609741993248,0.027469182387,0.359482735395,0.11984962225
418,15,"43310112423303","b44ccbc6-b265-4002-adea-cd7ecaa24263",0.160278052092,0.0493669696152,0.0250092651695,0.00551798474044,0.156043991446,0.0484565980732
419,15,"43310112422304","3ca12ae3-6559-413f-8eb4-232836fc58a2",0.133400887251,0.0393843203783,0.0219972319901,0.00599024398252,0.130596250296,0.0387450419366
420,15,"43310137433305","8e547e5a-f927-4205-8429-040213388c82",0.225138381124,0.0628340467811,0.0374921187758,0.00872176233679,0.225357249379,0.061651699245
421,15,"43310107432306","9cd0d281-5c02-4854-b51a-0c42a9f67855",0.147089540958,0.0437527373433,0.0205375999212,0.00588506925851,0.146838515997,0.0433567725122
422,15,"43310107432307","5d559122-79d5-4fad-b387-3268df1ab445",0.130046278238,0.0444217398763,0.0178702566773,0.00487800640985,0.129211634398,0.0437104925513
423,15,"43310107432308","76201c9f-a9c5-41d4-a103-32ec8c59adf7",0.138085722923,0.0469705909491,0.0169664919376,0.00502554513514,0.137577578425,0.0464714951813
424,15,"43310101432309","f96d07a6-530f-419c-98d2-c54efd55fa0c",0.206735491753,0.0611456073821,0.0305116549134,0.00832617003471,0.200889721513,0.0606696642935
425,15,"43310107433310","b87fc15e-ce94-45f5-9b2b-7ea0f172be6e",0.143516913056,0.0466923639178,0.0213598962873,0.00465476932004,0.142388254404,0.0459674373269
426,15,"43310112431311","33eb52b3-ec3f-49d5-b7dd-7275baa79617",0.178090333939,0.0533439926803,0.0281254146248,0.00584194436669,0.175845623016,0.0532073117793
427,15,"43310106421312","f02e7821-571d-4a84-a419-4c82d8cf42bc",0.17195084691,0.0495190806687,0.0390033721924,0.00816723052412,0.164243236184,0.0491132736206
428,15,"43310112432313","cbbb3030-0fd6-447b-9247-ae04a15e6e90",0.177070483565,0.0482047274709,0.0349094457924,0.00708911661059,0.171690657735,0.0473858006299
429,15,"43310112432314","dd93fa17-033e-4ec3-b0f7-0e63c0dbf568",0.194022908807,0.0524915456772,0.0350016243756,0.00853048544377,0.184344962239,0.0501670837402
430,15,"43310112451315","19473eae-0703-43bb-abe5-1b9b3c06f67d",0.107351996005,0.022530131042,0.0198016259819,0.00253693410195,0.103901617229,0.0225711595267
431,15,"43310112432316","5a29629c-cad0-4ea1-a690-10899e47b08e",0.14780549705,0.03960583359,0.0261231902987,0.00534350052476,0.143664762378,0.0393990278244
432,15,"43310107441317","4c29cad1-c6a4-4aa7-9602-9f60f07acb27",0.24574893713,0.062719874084,0.0389819666743,0.0121005885303,0.239528283477,0.0605891495943
433,15,"43310112423318","7f46c988-b2cc-469f-b8a6-3560eb416070",0.189344719052,0.0581771619618,0.0509370490909,0.00878674723208,0.178999260068,0.0577709898353
434,15,"43310112421319","b891eb5d-c233-4d6c-8358-b679800ff44f",0.153250351548,0.0459851920605,0.0387287810445,0.00925388373435,0.144935071468,0.0446461252868
435,15,"43310136432321","97084b3f-777e-4a6e-bb5a-d25228b8bc7c",0.207845911384,0.0553106255829,0.0289715752006,0.00581583334133,0.209417566657,0.0546652115881
436,15,"43310107422322","b405a079-60bc-4f6c-ae14-83346daf7f4d",0.129974722862,0.0383581705391,0.015838811174,0.00476751802489,0.128943100572,0.0387152284384
437,15,"43310135432323","bbbdae38-4588-4887-8feb-c67063ffba8c",0.197336047888,0.0601786002517,0.0255470350385,0.00801007263362,0.195934414864,0.0583105310798
438,15,"43312407421301","7bb16275-3003-4782-9b37-2a5c0e070955",0.175313696265,0.0595324896276,0.0291697718203,0.00777840754017,0.17333458364,0.058591350913
439,15,"43312407421302","7b6f9550-b801-46cc-824a-4c365f048a58",0.147319495678,0.0427933596075,0.0272073131055,0.00683535495773,0.13923189044,0.0424665994942
440,15,"43312407421303","d0d112c5-7122-429f-bb4c-9a027ae41921",0.163389012218,0.0528676137328,0.0270925480872,0.00573284784332,0.157698050141,0.0519546158612
441,15,"43312436431304","62425573-45fd-4267-8da2-f0e9b1f60c4c",0.212061062455,0.051299277693,0.0288691166788,0.0083205550909,0.20552252233,0.0491812936962
442,15,"43312436432305","b4689211-1908-4df5-b685-74c503c16258",0.219010919333,0.0663548111916,0.0335071645677,0.0088179493323,0.219607695937,0.0660333633423
443,15,"43312435421306","4f295925-57e5-478e-a75a-b012bd80e465",0.148901075125,0.0462730750442,0.0244312994182,0.00697935465723,0.14580604434,0.0461600646377
444,15,"43312412421307","7072684d-e43f-4c28-926f-b912c2826eb8",0.133192315698,0.042740598321,0.0182422287762,0.00607188604772,0.131567686796,0.0421537198126
445,17,"43312412413419","a2e74651-9bc5-4fd8-bd9b-4ca1940c3997",0.199606984854,0.0607691407204,0.0553571209311,0.0170613210648,0.18755620718,0.0591466128826
446,16,"43312431412421","58960262-b17a-4a5a-a6c4-65ff3879ac51",0.131256327033,0.0358713306487,0.0264229886234,0.00718082860112,0.128180027008,0.035285230726
447,16,"43312401453420","1bf15fd4-1694-426b-8466-3226cca02d5d",0.249329283834,0.0575807578862,0.0381013825536,0.0133489510044,0.247456088662,0.0552728921175
448,16,"43312412413357","43c49276-cafc-4807-b1ab-933e8c507a2d",0.120180413127,0.0335671752691,0.0205284710974,0.00590675929561,0.116774640977,0.0325146913528
449,16,"43312401452358","7571056d-4943-4115-8fe8-03dc418a4f9a",0.219986110926,0.0593767538667,0.0361897386611,0.0117369983345,0.219635441899,0.0572995878756
450,18,"43312401443360","c4846def-40e3-48cf-ae72-4a62dd90cbbe",0.212348401546,0.043786585331,0.0461753606796,0.00897406972945,0.208395451307,0.043300550431
451,16,"43312537411301","f9231037-703f-4a64-890c-c035f9d7dfe5",0.186805799603,0.0469668842852,0.0380132682621,0.00841513369232,0.179498463869,0.045574054122
452,16,"43312536411302","2adc60bb-6115-47d5-a0a2-78f81802b94a",0.14144796133,0.0366725884378,0.0291191358119,0.00713818380609,0.138211771846,0.0354628227651
453,16,"43312536411303","27411c28-b728-4d5b-a5fe-c953e7d71e6f",0.140983909369,0.0363742075861,0.0229285806417,0.00763490376994,0.139920040965,0.0339162610471
454,15,"43312512413304","ed0c2c7e-8f1c-469f-a604-de5a44eafd0c",0.144585087895,0.0382192209363,0.0844773054123,0.00636833719909,0.125498577952,0.0367880500853
455,16,"43312536412305","e4a52c5d-c186-45e2-915d-cadfef6b55a8",0.160156518221,0.0421175919473,0.0333747975528,0.00722186733037,0.15360853076,0.0411192625761
456,15,"43312401442359","afeea135-a732-49ee-b6c1-b40bc2a7e193",0.261988729239,0.06142475456,0.0400096774101,0.00625253468752,0.255708813667,0.0606430247426
488,15,"43312701433102","b62f5b52-3489-49ad-b0dd-8bcdc46c2043",0.189771264791,0.0505504570901,0.024716315791,0.00892356503755,0.187437623739,0.0500899590552
489,15,"43312707433603","7c092268-1d0c-4381-8dd6-b6229bc522cf",0.122301355004,0.034201066941,0.0209904853255,0.00694886315614,0.119872868061,0.0330996438861
490,15,"43312723431664","94fa7214-341e-40f5-a833-998e1223d4a0",0.165137350559,0.0494001545012,0.0297264624387,0.00801855605096,0.163518637419,0.047593858093
491,15,"43312723443665","0707ee2d-83fa-490c-aff0-9213da2d046b",0.158822789788,0.0460129715502,0.0322707518935,0.00828453712165,0.154617115855,0.0447477847338
492,15,"43312723442663","e66b5e53-f15c-4055-95b4-9d82a0eb68bd",0.113652609289,0.037899505347,0.0174949560314,0.00650803372264,0.11448507756,0.0374979749322
493,15,"43312723442555","a16e5b8b-1cf1-4bc8-935b-765615b10cac",0.144210487604,0.0523165799677,0.0230124015361,0.00798096321523,0.146801739931,0.0514735504985
494,15,"43312723432556","388eb528-52a1-4ed3-9128-efcd19eebf8e",0.132010385394,0.0448421761394,0.0181157775223,0.00614199135453,0.132418870926,0.0442784614861
495,15,"43312723432557","5d97e2be-e50d-4570-8428-a5d49f455856",0.244080722332,0.0863233730197,0.0631225928664,0.0267431586981,0.235072851181,0.079737201333
496,15,"43312723422666","5fa86257-32d7-443f-8e11-380661125f13",0.1373719275,0.041973695159,0.0390677303076,0.0118576232344,0.131268560886,0.0390496738255
497,15,"43312723442667","9d9b0eac-025d-4da9-bedc-18bc43b7fee3",0.172239616513,0.0562553815544,0.0247443653643,0.00712453993037,0.173944458365,0.0557231009007
498,16,"43312723433165","d7b1daa6-99db-43fa-9b19-10ebd524b16d",0.116457886994,0.0386152490973,0.0162289552391,0.0057498193346,0.116606965661,0.0387958474457
499,16,"43312723431166","138e61bb-1def-4eee-8afd-ab66cb9edcfd",0.13977509737,0.0451493375003,0.0183727107942,0.00739104207605,0.140088185668,0.0451661683619
500,17,"43312723433167","67a291ee-2a3b-40a0-aaa1-ec6a241060bc",0.177927315235,0.059020537883,0.0336791053414,0.00908596627414,0.177982628345,0.0582197979093
501,15,"43312723421168","e1d00f6a-09fb-447c-8cad-044f6c32d287",0.205539420247,0.0723013728857,0.0341869369149,0.0109717380255,0.208919510245,0.0716186761856
502,16,"43312723441169","8d3ab5cb-dc6b-4196-9148-a1d4911bf583",0.207655265927,0.0723010674119,0.031298853457,0.00839175190777,0.213899537921,0.0723804086447
503,16,"43312723423170","0ec0c255-03b8-4882-8d7d-c7426e0c5fd5",0.256760537624,0.0866529494524,0.0474465563893,0.0149293802679,0.255759805441,0.086233638227
504,15,"43312723423558","7f2efefe-15af-4ba8-b697-5cd3d8d249a6",0.13830780983,0.0444991737604,0.0190999954939,0.00540118431672,0.135600551963,0.0443415641785
505,15,"43312723421559","29cb12d1-e404-4d1c-8704-ae087811da04",0.212645366788,0.0697185173631,0.0281872842461,0.00747279636562,0.209226757288,0.0684029906988
506,15,"43312723422560","8c30c5d9-12a1-42b4-9bbf-ad724c3d7077",0.122974865139,0.0409864932299,0.0271036755294,0.00775174377486,0.122137084603,0.0399869605899
507,15,"43312706423171","321ba3cf-5319-4c0a-823e-ed32c1fdf05d",0.181404784322,0.0582992807031,0.0389040373266,0.00983362458646,0.177633047104,0.0564502924681
508,15,"43312706423172","f55e4731-d459-4bd8-b9cc-e32fff1d341f",0.158264502883,0.0495576150715,0.0381206050515,0.00962669681758,0.15069514513,0.0475862063468
509,15,"43312735422173","ced6af94-509e-4c49-b47c-4e34db9b6fbb",0.277430564165,0.0740099400282,0.0890967175364,0.0131757836789,0.262203633785,0.0707928985357
510,15,"43312723443668","63dfa025-4f56-46b2-b5d2-c76345db5273",0.147550970316,0.046248588711,0.0212447009981,0.00649527646601,0.146889224648,0.0451611913741
511,15,"43312723442669","cc242a05-026a-49a6-8456-862f0a7e836d",0.165309861302,0.045424785465,0.0200346633792,0.00739673618227,0.16221600771,0.0440736524761
512,15,"43312712421561","e3ee781a-1b5a-49e8-a8d1-495313a6798e",0.124994538724,0.0410611331463,0.022304803133,0.00621114112437,0.120235264301,0.0403957702219
513,15,"43312712433562","2f04a35f-c1ab-4508-9b7c-c3e9f92e1b66",0.250004202127,0.0744060948491,0.0494615063071,0.0168234631419,0.246514976025,0.0707498788834
514,15,"43312712442670","4f2de457-3b2b-4405-8486-3f4a708689a2",0.15102557838,0.0461852699518,0.0194280073047,0.00513644516468,0.150311157107,0.0456316955388
515,15,"43312712433671","408ffe0e-92f1-4d65-a32b-a692645e07db",0.167493522167,0.044344175607,0.0288754906505,0.00818349793553,0.158842712641,0.0425015576184
516,15,"43312707452672","b7de4c0b-4600-444f-bddf-b5a1be4133f7",0.180474877357,0.0458751469851,0.096113935113,0.0107213072479,0.158912062645,0.0448843315244
517,16,"43312706432174","80900031-9adb-4e8d-a5a0-8703cd4e4a1a",0.183390781283,0.054099522531,0.0453203432262,0.011332928203,0.174213588238,0.0524216815829
518,15,"43312735443175","367c0b02-9199-4e12-bbb6-8badfcf8c46b",0.128321453929,0.0453046374023,0.0258177500218,0.0142622906715,0.127507060766,0.0426113009453
519,15,"43312735423176","86cada1c-be1f-4e59-aff8-66974e0ec2fe",0.193992137909,0.0677371621132,0.0440000332892,0.0145625555888,0.192296683788,0.0653843581676
520,15,"43312706423563","b102d476-7b52-47be-93a2-9a57de16629b",0.321028292179,0.104479782283,0.063974045217,0.0201773680747,0.306646704674,0.102640777826
521,15,"43312712413564","1f251a9c-c303-4aeb-afc4-5bbc3336d436",0.256826221943,0.084229901433,0.084707736969,0.0219474546611,0.23264144361,0.0787929967046
522,17,"43312723433501","4496df7e-4c21-4eb4-b22d-a2811c9254fc",0.160235628486,0.0557884909213,0.0230885203928,0.00781394075602,0.160157099366,0.0557421520352
523,15,"43312723433502","3f150d33-4175-463e-8f38-9d889c0a9d2f",0.185435563326,0.0672217234969,0.0318723991513,0.00996813457459,0.183792352676,0.066778935492
56,15,"43312723422554","a124e954-9a8a-4679-958d-423bf6961656",0.134779125452,0.0429726354778,0.0242929700762,0.00554760172963,0.135568842292,0.0430235862732
57,15,"43312723431661","2792f365-0fe7-4ebb-beaf-d8be8742dcd0",0.132486075163,0.0365086831152,0.0371821783483,0.00728212669492,0.125424191356,0.0357452221215
58,15,"43312706431662","dff716a6-8625-4e42-910e-933d9fc9320d",0.273704916239,0.088418610394,0.0540714524686,0.0270232073963,0.271039813757,0.0795445516706
59,15,"43312736441106","b2a1133b-fd74-4703-9397-6aadb3f5c44f",0.194266185164,0.0465019606054,0.0473140776157,0.00877121184021,0.188669383526,0.0457389354706
60,15,"43312737431107","e4a5abc3-8ae2-49df-b0d7-cb595b6c2c7a",0.695532500744,0.142886206508,0.362630903721,0.0797871276736,0.573244512081,0.129984587431
61,15,"43312731451108","00cde427-513d-4e8d-b216-7a20c156d5b0",0.128010898829,0.0322156697512,0.022085191682,0.00550104910508,0.126073852181,0.031255453825
62,15,"43312736451109","b8ef8bc8-658f-4c13-b2a4-4acdf33f2886",0.26737433672,0.0647422894835,0.054080478847,0.012772330083,0.255482584238,0.0625283122063
63,16,"43312731443110","4a314694-8e23-4c68-af57-cf042f80b528",0.308580756187,0.0795520022511,0.0642139539123,0.0161344204098,0.30178886652,0.0785465165973
64,16,"43312731443111","f62512da-e1b6-4f25-9725-b4a059716db1",0.297338724136,0.0763790979981,0.0715821385384,0.0169374700636,0.286165893078,0.0754812061787
65,15,"43312708452112","e92ec7b7-ee79-4207-b821-f70ae1edaf38",0.32114097476,0.0887246653438,0.0622850582004,0.0145189901814,0.309004068375,0.0857849493623
66,15,"43312731452114","0f74cd7f-d4aa-47cf-a462-fc6bacaee8fe",0.0393253006041,0.0085416585207,0.019684324041,0.002815984888,0.0309154167771,0.00758898863569
67,15,"43312731452115","9cd5b418-f67b-4cf1-90ee-6af5742fd816",0.257804960012,0.0682952776551,0.0462244004011,0.011828863062,0.24955868721,0.064751021564
68,15,"43312731452116","992fd4ad-9c32-4b9b-a703-4243bba6da4b",0.27230450511,0.0724694654346,0.0447039306164,0.0101983975619,0.265167474747,0.0704120099545
69,15,"43312737452117","318ba6f2-babb-463e-a749-6142b08f7d6e",0.182659521699,0.0511005334556,0.0247151702642,0.00633490411565,0.177950441837,0.050766184926
70,15,"43312737452118","928c8e90-853c-4cb7-aa8c-5a1d384e24a7",0.191272810102,0.0549124293029,0.0243558529764,0.0051253316924,0.189427301288,0.0539981387556
71,16,"43312706443119","aee08c06-09e3-4f0b-81b1-44828f251101",0.248286500573,0.0706081613898,0.0280405525118,0.00668218685314,0.243854448199,0.0694496482611
72,15,"43312731441121","1adba87e-5a2b-4c6d-847e-d17459ac8235",0.200377985835,0.0558690614998,0.0411087460816,0.0100552001968,0.197802320123,0.0545781254768
73,15,"43312736451122","57c38074-93b2-47e3-882e-678395023a94",0.231629386544,0.0642532035708,0.0547957681119,0.0187765881419,0.234133467078,0.060740288347
74,15,"43312731441123","b715301e-d380-41d5-8cfe-083d812eff64",0.374026119709,0.102168947458,0.0984653607011,0.0391286760569,0.379312872887,0.0955332368612
75,16,"43312706442124","a0d8dccc-ced5-4217-af70-75ce52f382ec",0.471287995577,0.125968113542,0.143966630101,0.0565113723278,0.469228088856,0.113167412579
76,15,"43312707452125","5392605c-86c8-4f3a-986f-66a98e8f5564",0.183446034789,0.0511221587658,0.0354950018227,0.00780704664066,0.180680692196,0.0502038747072
77,15,"43312706442126","8a432d73-4e18-404f-adb5-83435e9c351e",0.240207791328,0.0643407255411,0.138865590096,0.0319678932428,0.220473051071,0.0587868690491
78,15,"43312706453127","f364ef1e-0901-4927-b9d7-c8d8c34eb1f3",0.435340732336,0.10848865658,0.159053206444,0.0451049134135,0.403439849615,0.0997446998954
79,15,"43312706452128","79ecb523-b051-41f6-9d48-d3a167b924a0",0.262953400612,0.0726996809244,0.0726914480329,0.0140133630484,0.25243344903,0.0699318274856
80,15,"43312706452129","3297bb32-7a6a-4390-889a-bcbc4a8aa0f7",0.306703090668,0.0822603031993,0.0622172243893,0.0141818048432,0.302070438862,0.0798756852746
81,15,"43312731431130","0e48656a-017e-4e02-be36-2afe3669bdf8",0.284630507231,0.0641880705953,0.129195094109,0.0300645641983,0.239738062024,0.0553731359541
82,15,"43312731431131","59472573-2a40-442e-afb1-067ec279940b",0.299977481365,0.072012655437,0.109569773078,0.0263732708991,0.268032521009,0.0650847554207
83,15,"43312731432132","2c3b823c-b178-46a4-8ee5-58e2fcab2ed9",0.183795586228,0.0441337227821,0.062015466392,0.0181856006384,0.164887413383,0.0392212308943
84,15,"43312731451133","187ccfad-3f6c-46aa-8e9b-9632954e4467",0.16152754426,0.0424342006445,0.0322798527777,0.00996012799442,0.155173018575,0.0414099022746
85,17,"43312731442134","4f96e191-326d-499e-9722-0cb00a5e8a6c",0.427237272263,0.118235625327,0.0698688477278,0.0230918042362,0.415517419577,0.11106210947
86,16,"43312731442135","48e9dd46-628e-4f48-885b-187142dbadf6",0.278542041779,0.0767750069499,0.0420491993427,0.014130121097,0.273158043623,0.0739964097738
87,15,"43312731431136","05d590a2-94e0-4f13-8ff2-689b80f083ac",0.10700622946,0.0288353655487,0.0160819943994,0.00440751574934,0.105734281242,0.0281947106123
88,16,"43312731441137","640f06cb-2243-4794-88a5-9a0de3dda246",0.265122234821,0.0504955723882,0.117094911635,0.0174037218094,0.242297589779,0.0476265922189
89,17,"43312731442138","e07e0860-6873-4e9c-9d3f-dce300a179c7",0.495475500822,0.132198929787,0.175964638591,0.0298249945045,0.443037360907,0.12230142951
90,17,"43312737443139","a5758549-eabf-40cd-b5a3-5094ed7ae94a",0.199346974492,0.0531525723636,0.0253889672458,0.00568244839087,0.199667617679,0.0530634261668
91,16,"43312736443140","38fcc1a8-bec1-4dea-a846-8615c225ef80",0.147867143154,0.0395772792399,0.0210041888058,0.00496833771467,0.148045405746,0.0394361354411
92,15,"43312731443604","aec3479c-f58b-41be-9ec2-4422886bbb56",0.287183135748,0.0614040866494,0.0525481849909,0.0103084398434,0.282649844885,0.0605908818543
93,15,"43312731453605","bda4aac2-9d35-4866-9ce4-e3c441660250",0.203226864338,0.0404112003744,0.0404151044786,0.00584122445434,0.197673648596,0.0398531444371
94,15,"43312736441606","0432a982-d1f7-4b29-bed5-568c991a7936",0.290460497141,0.0666979625821,0.0688408464193,0.0106263337657,0.279294759035,0.0645199641585
95,15,"43312736441607","41cc04bf-ea52-4572-874d-e47e2624fbca",0.339483678341,0.0794758349657,0.100922755897,0.0197898950428,0.320992380381,0.0743151381612
96,15,"43312737441608","7a8d331c-978c-4007-b312-f3cbd33812c9",0.26764690876,0.0714124366641,0.0499307587743,0.0143434284255,0.271627962589,0.0706960335374
97,15,"43312736451609","1981f03b-4e5e-4613-b463-c0022315f3f2",0.172997832298,0.0422663204372,0.0257386248559,0.00884958915412,0.177432060242,0.0393314398825
98,15,"43312736451610","e6844a66-9a89-4038-94cd-39aebb7d20cf",0.196074709296,0.0500899031758,0.0390994362533,0.00947662815452,0.190798461437,0.0484004840255
99,15,"43312706453611","0871c098-0cf4-4f3f-870c-ca1f37e64c5f",0.20534196496,0.0544849783182,0.0355433598161,0.00848008319736,0.202114224434,0.0527921617031
100,15,"43312736441612","6d1384be-5a0e-45fb-82b2-715e732cc10c",0.213843435049,0.0592213049531,0.0362566411495,0.00980840343982,0.213728681207,0.0578390881419
101,15,"43312737443613","c35ec839-5d15-4691-8fdb-99b62d79c77e",0.304837435484,0.0566606409848,0.146277204156,0.0177740044892,0.27543720603,0.0549714826047
102,15,"43312737432614","26bceec4-97f2-4354-a8d8-d6a0de94133c",0.137251600623,0.0358017943799,0.0253512319177,0.00742254080251,0.135921418667,0.0349524989724
103,15,"43312737452615","0d037827-c07b-42e9-922a-81896d52104c",0.054660782218,0.0127998124808,0.0321472510695,0.00516838347539,0.0492243692279,0.0119555145502
104,15,"43312737442616","617c6ea3-33b5-480d-9fd1-ba3f13cc2a26",0.0813911259174,0.0197570007294,0.0195445325226,0.00355193717405,0.0786495357752,0.0194604005665
105,15,"43312737453617","f12d5b83-788b-4900-b456-cddffca7a7e9",0.145314186811,0.0361415483057,0.0193689242005,0.00407674117014,0.14414447546,0.0361605510116
106,15,"43312736453618","67274ac2-3bf4-4cb7-b501-40f4141e3a2c",0.217038854957,0.0602465011179,0.0285470541567,0.00603299122304,0.212022826076,0.0591620504856
107,15,"43312736442619","eca000c6-d2a1-414e-801c-81e975dafa3d",0.186526566744,0.0517537817359,0.0299727600068,0.00530198030174,0.180382072926,0.0515810921788
108,15,"43312736452620","c056145c-cd72-44f8-9db0-fbb8d8a7b57e",0.259910136461,0.06865375489,0.053757045418,0.00733757810667,0.24980764091,0.0670577064157
109,15,"43312706453621","fbe1ae31-ad91-46d0-803b-9daca2cefc00",0.218064621091,0.0604369491339,0.0363048836589,0.00761304469779,0.209482863545,0.0599200837314
110,15,"43312707441622","d2c95954-466e-43ee-abbc-60ddf85572a7",0.398640990257,0.0912231057882,0.339025944471,0.0654737874866,0.322407871485,0.0721865072846
111,15,"43312736451623","59a98594-29a8-4494-8c04-5c4a79ea3365",0.400211632252,0.0941341966391,0.152017280459,0.033877003938,0.37902122736,0.0876789987087
112,15,"43312707452624","271731a0-e8dd-4790-8492-f2e23f9b58c5",0.659135758877,0.155801892281,0.342494815588,0.0798420235515,0.612026810646,0.132963076234
113,15,"43312735441625","1029b86c-0c62-484b-ae7f-b82e5672b618",0.115127176046,0.0288611501455,0.0613028258085,0.0137994205579,0.101181738079,0.0254736226052
114,15,"43312706452626","f36fcb27-b0c1-4561-adba-5ea32e587384",0.169548779726,0.0484334565699,0.0421200841665,0.0107978759333,0.168992936611,0.0480661354959
115,15,"43312735451627","f89d5cfa-278f-45c1-8b1f-9cb952140a46",0.165794119239,0.0471528321505,0.0426973104477,0.0127862868831,0.164767548442,0.0462798550725
116,15,"43312737453628","3e77b592-a468-4b38-83be-0a83a46fee73",0.210289239883,0.0542069412768,0.0617493987083,0.0102166095749,0.209607422352,0.0535155236721
117,15,"43312706453629","1bc65041-7f3b-4569-9b20-5b0e82e40988",0.286702185869,0.072111569345,0.0842625573277,0.0155367571861,0.27459782362,0.0693999230862
118,15,"43312737453630","f2fcabf2-eb2f-4470-a224-f1bd9c7e53b2",0.180126279593,0.0486007221043,0.0302208308131,0.00658396771178,0.178782045841,0.0477588549256
119,15,"43312706441631","8f9a2257-aebd-4033-8056-791c3bc4fbfd",0.17802362144,0.0468400754035,0.0348550528288,0.0072193085216,0.16983024776,0.045665230602
120,15,"43312706452632","7b5ffb3a-a872-4a23-90b4-bd1c1c47cc5a",0.137847870588,0.0394602529705,0.0287810135633,0.00608649197966,0.13159827888,0.0381200164557
121,15,"43312708453633","93b7f177-c31d-43d0-a8dc-8f7693bb821f",0.147359803319,0.0381057448685,0.0351735278964,0.00777463475242,0.144172877073,0.0359200723469
122,15,"43312731432634","80c8509c-8992-4f63-9ffc-3c7f649b8169",0.165246546268,0.0386975705624,0.0371603481472,0.00744463782758,0.167407050729,0.0381307862699
123,15,"43312706443635","acee672d-18e3-4891-91c6-7ca4ee96050b",0.16186350584,0.0441690385342,0.0302240140736,0.00734213227406,0.15832683444,0.0438543111086
124,15,"43312736431636","0559d335-0c96-4202-9c56-01a34b1919b0",0.258004844189,0.0735033527017,0.0420034304261,0.0107442457229,0.255650997162,0.0755505636334
125,15,"43312706442637","495b83ac-655e-40a9-9273-20974b824bd3",0.194971263409,0.0587944313884,0.0322021953762,0.00910030771047,0.200440749526,0.0592933744192
126,15,"43312736443638","e7b6a5f5-87f9-466b-8de4-4030cca33523",0.188452661037,0.0524607077241,0.0314542874694,0.00785640534014,0.183868199587,0.0513280406594
127,15,"43312706441639","91905a63-e183-4a26-9391-ffe4c1344a0b",0.231140270829,0.0677179321647,0.0351395532489,0.0108471084386,0.229793295264,0.0679958537221
128,15,"43312737431640","126606d8-2f36-4f5c-9797-3d90cd063454",0.225338041782,0.063471801579,0.0331237763166,0.00792002398521,0.223400771618,0.0625274032354
129,15,"43312708452509","5c300aaf-a3f0-4f8d-9de8-10cedb96b00b",0.277487069368,0.0656364783645,0.0489642359316,0.0106745343655,0.271501779556,0.06397228688
130,15,"43312708453510","f72770f9-1a39-4e6b-8fb5-229920d0d3e2",0.1864156425,0.0467850379646,0.0310914069414,0.00831054057926,0.18628269434,0.0459407642484
131,15,"43312737442511","4166d812-a335-49d4-8743-5366f7fe5a3a",0.251448839903,0.0586938560009,0.030514523387,0.00802385993302,0.256181538105,0.0582931414247
132,15,"43312736452512","8f1b12d5-02d5-403f-ab97-dc572fab758f",0.220266506076,0.0533286854625,0.0371001660824,0.0068905656226,0.22026501596,0.0543153434992
133,15,"43312737452513","c4ca8003-5eeb-40ac-bafc-4009c242a0e2",0.260156571865,0.0668656155467,0.0382175222039,0.00621377443895,0.250164687634,0.0663082897663
134,15,"43312737442514","1d10b3ab-6a0d-43ba-8d79-de7d195c70bc",0.202809482813,0.0504254885018,0.0370324514806,0.00620037456974,0.194247230887,0.0496729761362
135,15,"43312708422515","f39f15b3-e4a7-4b35-b199-fd3e351e0ed1",0.400192648172,0.0734921768308,0.271608799696,0.0518623813987,0.339345306158,0.0612898431718
136,15,"43312736452516","5f66e4dd-0345-42bc-81d3-429edb65b7ce",0.262623399496,0.060629542917,0.0747080370784,0.0148910619318,0.23499122262,0.0568813830614
137,15,"43312708421519","5e6ab1e6-5451-4639-9564-e24445b493a0",0.138568118215,0.0358907468617,0.0160287600011,0.0040035401471,0.137755125761,0.0355563350022
138,15,"43312736442520","5e07a3a2-dd99-4ef6-bb45-4f2e36421dbb",0.203532397747,0.0532573014498,0.04862325266,0.00753420125693,0.197117730975,0.0534553527832
139,15,"43312707451521","542b0e3c-3ef4-4260-be29-4234c1015ab5",0.277040272951,0.0716220289469,0.0807387530804,0.016231149435,0.267016470432,0.0705983117223
140,15,"43312707441522","b0adb818-68a8-4654-b8b5-7eb4aacb7f7c",0.854845941067,0.212801724672,0.382445335388,0.125048056245,0.81495398283,0.178817853332
141,17,"43312731442523","fcde9421-7e06-4f8f-9c63-6fb817fe1c8f",0.132891863585,0.0349295809865,0.0379453599453,0.00870033726096,0.129568085074,0.0333106778562
142,15,"43312706442524","1154aa55-8392-4bee-9381-f6b32c05b54f",0.234169989824,0.0482747070491,0.243234947324,0.0407467782497,0.185443386436,0.0405091606081
143,15,"43312706443525","03d56cb0-ebdf-4b72-8207-b6afde137200",0.302995711565,0.0841316729784,0.0578073300421,0.00982758682221,0.294963359833,0.0832604020834
144,15,"43312701431526","75e7d334-796a-400a-8880-2d97587ea9e0",0.19029763341,0.0501039810479,0.0371485203505,0.0074082002975,0.184655353427,0.0491966716945
145,15,"43312735452527","255bc6c0-d1b4-45e6-8755-a2d832bad38d",0.174914360046,0.0485311001539,0.03803370893,0.00917645171285,0.16768476367,0.0456723235548
146,15,"43312708411528","dac16304-1186-4792-aae1-1f81dbdcdb90",0.179620563984,0.0491938814521,0.0338696651161,0.00730293057859,0.173458397388,0.047734875232
147,15,"43312736451529","4c9c0cf8-3fb0-4321-9752-c0ca66e9bad3",0.256334006786,0.0718178004026,0.0480049625039,0.0099880406633,0.246105104685,0.0711080133915
148,15,"43312708451530","c12f06ab-fa7f-400f-9549-184707e1ad91",0.503517210484,0.100449413061,0.1464612782,0.028283348307,0.484489530325,0.0970702767372
149,15,"43312706443531","03a370e1-e91d-4a36-94af-32e2fe3bba9b",0.15046620369,0.0429479815066,0.0292039755732,0.00765743711963,0.148554071784,0.0440106242895
150,15,"43312708451532","f527208f-0961-44b0-98cc-3316d84d6c8c",0.197552636266,0.0447102412581,0.052719861269,0.0108770010993,0.190836384892,0.0440187342465
151,15,"43312706441534","b79495f4-3a9d-46cf-81ff-acc1628b6622",0.123611114919,0.0346358157694,0.0213739238679,0.00561441155151,0.120972461998,0.0339613445103
152,15,"43312736443535","e0bb5f4d-e38b-45dc-870c-292844ec9975",0.259801208973,0.0658429861069,0.0617109984159,0.0137162329629,0.248989880085,0.0657316744328
153,15,"43312731432536","406d9997-a9e2-4f7d-91ee-14dcd988f049",0.205889120698,0.0539873093367,0.0383251234889,0.0085736438632,0.203195258975,0.0535348504782
154,15,"43312707442641","7212cecf-7a4e-41c8-8d33-7c1190663c74",0.401671111584,0.0749157816172,0.761023163795,0.145317167044,0.200353458524,0.0438439361751
155,15,"43312707451642","818fc3ee-856a-46f0-b36e-28c146906fff",0.143276929855,0.0414005666971,0.0276807807386,0.00858436804265,0.138624921441,0.0407618395984
156,15,"43312707442643","efa80427-9159-484c-90d6-e5398603169f",0.144368305802,0.0368424765766,0.025088172406,0.0136783123016,0.139899834991,0.0343209691346
157,15,"43312707451543","711e19d3-cbcd-4976-b111-f2d6abfba283",0.110271163285,0.0310894530267,0.0199122019112,0.00614971294999,0.112713843584,0.0311885196716
158,15,"43312736432544","13276372-1a6d-4b14-88ea-9c9900fceffc",0.230837166309,0.0621228963137,0.0341566167772,0.00896996445954,0.229336246848,0.0628528594971
159,15,"43312735441545","088c47a4-6f4d-4e18-9506-5060e4a4d117",0.226283550262,0.0621782876551,0.043099950999,0.00699745910242,0.222838640213,0.0616104118526
160,15,"43312735433546","a6fdfa0f-7877-4c54-b397-f0c274259c28",0.236164286733,0.0616859346628,0.0499959737062,0.00970003940165,0.22883450985,0.0625549852848
161,15,"43312707451649","5b75d988-e0cd-4db1-b270-7bd19dc7380d",0.0772091820836,0.0196423046291,0.0160281285644,0.00292426417582,0.0787802040577,0.0201512295753
162,15,"43312736451650","f591bfc4-4e57-429f-aabe-300e80fab005",0.142295315862,0.0383675731719,0.0291039142758,0.0056397956796,0.136484578252,0.037998393178
163,15,"43312737441651","d3e9e886-8ffb-4d90-9c34-a14e40b6baef",0.12080745399,0.0292537733912,0.0270282104611,0.00613163411617,0.113464429975,0.0284133870155
164,15,"43312735451652","dd42050e-51ba-44f9-a424-f7d272450bfe",0.184613019228,0.0476756840944,0.0314506590366,0.00561332795769,0.178503915668,0.0482455790043
165,15,"43312707452151","48c43f6a-93e3-4b29-930a-2adc83673ae3",0.149101525545,0.039354916662,0.0265003461391,0.00608610874042,0.151992350817,0.0392848700285
166,15,"43312731432154","d4dddfca-cf0e-4ba0-bd8d-790a5d142573",0.270912706852,0.0590827427804,0.0325348973274,0.0092162117362,0.265161037445,0.0587125457823
167,15,"43312731411653","2053e1af-0448-4cab-acf6-ea6e2e22a2d5",0.154625460505,0.038904029876,0.0275262035429,0.00518310815096,0.157421261072,0.038283675909
168,15,"43312731411654","0ca328a4-928a-4ef7-90fb-4f584d42501f",0.0994528979063,0.0258768573403,0.0186116788536,0.00370540004224,0.100479021668,0.0266553033143
169,15,"43312731423655","ca6b0118-d9f7-463e-a696-120de57daea5",0.136617541313,0.0346911177039,0.0296624451876,0.00517054041848,0.136373922229,0.0345343500376
170,15,"43312708411656","a350cd1b-0b55-4afd-9a84-776791b8d944",0.262270629406,0.066011570394,0.052286464721,0.0111382259056,0.257393419743,0.0643188133836
171,15,"43312707431644","9005bf03-de22-436a-a425-7d01321ce480",0.194080591202,0.0521452054381,0.033835850656,0.0098417410627,0.193822443485,0.0503030009568
172,15,"43312707422645","d911ebd1-c7c5-433c-9022-33cc66faaca3",0.214673832059,0.0588414780796,0.0632590577006,0.0205544866621,0.201024577022,0.0551758259535
173,15,"43312707422646","7302df1b-3629-422f-9063-2f51067ff832",0.221365690231,0.0521813742816,0.0468801148236,0.00769405160099,0.213055938482,0.052568834275
174,15,"43312736423647","fd18cdcb-1aa9-4dba-b7a6-6a0292159135",0.280500501394,0.0700147151947,0.0726588070393,0.0209333579987,0.281123906374,0.0650957971811
175,15,"43312737432648","7648ecbd-0b73-4fd2-8c8d-38a9dae3f1d6",0.255135685205,0.0628387704492,0.052252124995,0.0157916545868,0.246713712811,0.0593428499997
176,15,"43312731433141","361860ad-4b91-4fc7-864b-9e1d2271fdba",0.279073268175,0.0542656369507,0.103394597769,0.0141941867769,0.268041282892,0.0548017397523
177,15,"43312731433142","ea1734d1-2188-4e3f-81e1-1ba2578b91e3",0.176234215498,0.0381296053529,0.0359077490866,0.00806615501642,0.174539119005,0.0384186692536
178,15,"43312708451143","452532a7-1dc6-4b70-ab98-f3fa756cc034",0.164290368557,0.0370440110564,0.0328831784427,0.00697854533792,0.166520580649,0.0368026718497
179,15,"43312708451144","e5777687-8f4a-494e-b588-238bf4453903",0.394222825766,0.0857297480106,0.105342358351,0.0191660765558,0.365418404341,0.0827875062823
180,16,"43312736422145","2dfedc10-9bdf-43f2-bf92-efa43def874a",0.227047905326,0.0624186620116,0.0364237055182,0.00846617016941,0.225212559104,0.0616103075445
181,15,"43312707423146","68c21c1e-0be8-45fb-86e5-8070afeb0a68",0.205041646957,0.0617599263787,0.0366486646235,0.0126715227962,0.207758292556,0.0596645511687
182,15,"43312707443147","3cbce494-0fc8-413a-96ec-b51a942503ca",0.170663759112,0.0543831475079,0.0268737562001,0.00720255542547,0.169367015362,0.0535587184131
183,15,"43312707413148","027c3eec-2a46-4b70-a778-81807572985d",0.211701586843,0.0636185184121,0.0399374775589,0.0153869120404,0.20905444026,0.0616868585348
184,15,"43312737433149","843cadfa-f0b0-4a7f-9524-3b2fad1531c9",0.20537160337,0.0520006380975,0.0462280102074,0.00963417254388,0.203368201852,0.0507886447012
185,16,"43312736422150","a41002c8-7290-4b75-9fc3-d587c20bf3d2",0.340421915054,0.0851612910628,0.0704372152686,0.0163230746984,0.335891872644,0.0810955837369
186,15,"43312736433155","39133782-fbba-4bb7-889f-d0fa05b78c75",0.154191121459,0.0406475514174,0.0318628512323,0.00559610873461,0.152123227715,0.0411953181028
187,15,"43312707443156","279c0f37-fec8-4f4c-a732-4ad3b2828e86",0.182167291641,0.0483409464359,0.0385911203921,0.00775921577588,0.182515457273,0.0472270697355
188,16,"43312731433157","b2f05c79-9a45-4535-af96-e73511f5eeaa",0.245751842856,0.0541370809078,0.0268336758018,0.0078702820465,0.245386347175,0.0532872453332
189,17,"43312707453158","61a35144-c0c8-4746-8472-908052c7956a",0.292552381754,0.0755001232028,0.0564323179424,0.0103455437347,0.27440482378,0.0769509598613
190,15,"43312737451506","03511200-a448-4b92-aa12-8653d208ef48",0.197375684977,0.0483883544803,0.049110211432,0.00837207399309,0.193386539817,0.0471847169101
191,15,"43312737451507","48a6125e-d6a5-426f-bba3-b4e157872063",0.193164080381,0.0480280444026,0.0331906862557,0.00679721496999,0.189462527633,0.0469860769808
192,15,"43312736451508","b5a7e294-c0ef-4091-acf6-5f41b481b3e9",0.225881695747,0.0556523017585,0.0328131057322,0.00884339399636,0.219053342938,0.0549431554973
193,15,"43312736453517","0fe4b8f6-7f8b-45a9-b065-4b70259c6c0d",0.177620053291,0.0471916459501,0.0259038861841,0.00577618833631,0.175570562482,0.0458733029664
194,15,"43312736453518","2008fef9-8db8-45cf-b64e-9b35e353b860",0.209103539586,0.0548021830618,0.0470109879971,0.0109725762159,0.201446160674,0.053608585149
195,15,"43312706433537","0ed06fcc-b7d1-48b3-a9e3-168f0d8eadad",0.510689616203,0.109705813229,1.25561237335,0.262548744678,0.259790182114,0.0577273517847
196,15,"43312707442538","4d4cc481-c522-4a28-93c4-a76b506220cd",0.139396861196,0.0401291288435,0.0262828934938,0.00732202176005,0.135589301586,0.0384180657566
197,15,"43312707441539","bae9bb0a-7eb8-4be7-8364-6075791f71f3",0.246170252562,0.0754899084568,0.0365373604,0.00833381153643,0.243617638946,0.0744722932577
198,15,"43312737432541","5020e3ce-81d8-4a8f-804f-114d0742701b",0.276784926653,0.0695712789893,0.0694172233343,0.0168496537954,0.272776991129,0.0659089311957
199,15,"43312736422542","c39bfe64-1fb8-4b58-a5de-82cf13f8f160",0.200206547976,0.0543323941529,0.0566675774753,0.0164770688862,0.193722829223,0.0506648831069
200,15,"43312707431540","666e637f-59cd-4b5b-bd68-3739589aa23c",0.160030245781,0.0378308370709,0.267375469208,0.0658094361424,0.106621064246,0.0249265562743
201,15,"43312735451547","6af63f18-2d92-4464-a082-7cf428853d17",0.349318295717,0.0864019095898,0.0595293305814,0.0117922127247,0.337605714798,0.0871170833707
202,15,"43312737431548","11901997-67be-4a31-9218-a71745f0e30f",0.209542497993,0.0503121055663,0.0436373874545,0.00656475452706,0.203654184937,0.0503465533257
203,15,"43312737422549","0a40fbc7-2557-4213-9c37-7e79479b5cff",0.185634255409,0.0463746190071,0.0332357175648,0.00599215459079,0.187102690339,0.0473131798208
204,15,"43312737421550","fd4362f1-9157-443a-8e07-629871954db6",0.244164660573,0.0544464625418,0.052029568702,0.00807392597198,0.236049219966,0.0531486496329
205,15,"433127064511104","235b19a0-0d92-4151-8e29-98d4b4b27a80",0.186621651053,0.0568400286138,0.04062147066,0.0155768506229,0.181547135115,0.0534143447876
206,15,"433127064511105","4c6d22ff-280d-4dfa-9889-3d2685d9c652",0.116978876293,0.035434205085,0.0237587559968,0.00590737257153,0.119254238904,0.0362845808268
207,15,"433127064511106","dbcc6e2a-d4bd-4974-9ddc-f246c17d7fe3",0.139219030738,0.0410824939609,0.0305822119117,0.00902636162937,0.140804693103,0.0391476899385
208,15,"433127064511107","f5eac7fe-3496-4ffc-925f-aa07332cd93d",0.115700274706,0.0350395031273,0.0252248700708,0.00772208021954,0.115792967379,0.0338590666652
457,15,"43312735412401","afac8c1c-8312-418e-ab6d-1dd1e6c447fa",0.131289362907,0.0354380644858,0.0273163802922,0.00571539066732,0.126350596547,0.0350676216185
458,15,"43312708412402","83718527-8d26-456f-967a-a33070ea59e4",0.192744120955,0.042643673718,0.0390952005982,0.0099866213277,0.18961392343,0.0407694540918
459,15,"43312708412403","55681720-fd34-49fa-990c-94b92f09223c",0.160316735506,0.0421540848911,0.02806494385,0.00818062480539,0.155219554901,0.0425149686635
460,15,"43312701443404","596543ff-8566-4844-83d1-fd7b0d0d1589",0.210001334548,0.0536270700395,0.0453290231526,0.0100261904299,0.199543699622,0.0522756539285
461,15,"43312737413405","bd7a32b6-34f7-4bd1-a1f5-f3498972dd63",0.151077151299,0.0407085977495,0.0257485881448,0.00491173099726,0.148134201765,0.0399305187166
462,15,"43312737411406","c9d8c673-218b-40f1-b34f-6c3349ad7ef0",0.170715689659,0.0471923910081,0.0342694707215,0.00656969333068,0.166791945696,0.047376729548
463,15,"43312737412407","b1c5dc2b-072f-4644-a280-6aa0ea5b719d",0.154867768288,0.0430790670216,0.0274220257998,0.00565961375833,0.15232399106,0.0431962013245
464,15,"43312736412188","0fc5b617-2fc6-4ab1-a080-435c4846a613",0.204863891006,0.0614911131561,0.0509937256575,0.013035915792,0.194558918476,0.0595891810954
465,15,"43312735411189","cc555a81-a4b6-4e0d-ab80-f5c9b2c86539",0.136525139213,0.0372367165983,0.0348044633865,0.00754363741726,0.13199454546,0.037251252681
466,15,"43312736452190","73e752c0-bae5-4e1d-816d-6abf38e29073",0.308521509171,0.0859684124589,0.0462825000286,0.0130506064743,0.294757276773,0.0830292254686
467,15,"43312707453191","9dfa0a8c-0aa4-4573-8dfd-7bad3e674ebc",0.195674523711,0.0554848462343,0.0314462371171,0.0111094862223,0.197997882962,0.0554808937013
468,15,"43312735452192","65a940f4-2152-4882-b150-1930ffbd5b4b",0.113406725228,0.0337932705879,0.0163308624178,0.00584365008399,0.114655867219,0.0337539315224
469,15,"43312731451193","cfe58c6d-a2c3-42db-8e7d-736fcde24c3d",0.215730398893,0.0570018067956,0.0348195768893,0.00761626660824,0.21892786026,0.0576644688845
470,15,"43312731451194","46f63020-274d-44b4-b95d-67a914a74944",0.12752391398,0.0365631207824,0.0190296228975,0.00641245907173,0.126951575279,0.0359600782394
471,16,"43312737411195","2695c521-0ade-4048-87ca-844e673d23c6",0.200986430049,0.0571219623089,0.055353321135,0.0151897231117,0.197304159403,0.0548035874963
472,16,"43312736411196","cf0737a3-a39d-47a4-854b-d224ffd8cc48",0.0900286436081,0.0273233987391,0.0250241253525,0.00824921019375,0.088616579771,0.0261411517859
473,15,"43312737423197","0cd77855-aa91-46d0-a5e9-2da8b990ae1c",0.237463325262,0.0689785555005,0.0434406399727,0.0080072870478,0.23040497303,0.0694767832756
474,15,"43312735452198","baf3cafa-c6b2-41ce-a6a9-cff82ea6c014",0.149880811572,0.0390512272716,0.0244696494192,0.0059952000156,0.151289835572,0.0391102023423
475,15,"43312708412199","128703e8-7c3d-4e79-8291-21325fb0b81e",0.223146304488,0.0551065169275,0.06062034145,0.0116817513481,0.208343967795,0.0532103553414
476,15,"433127364131100","dfdb8f11-7468-4b8d-b144-66be2c39a381",0.146837338805,0.0386762954295,0.0232578013092,0.00778283225372,0.148865073919,0.0383745133877
477,15,"433127364121101","95b0f296-d02e-462c-96ac-cbd0af97fa99",0.157467782497,0.0452928394079,0.0317531563342,0.0054393177852,0.157783076167,0.0445024594665
478,15,"433127364121102","97357ae1-8fbe-4516-8176-606529d7b59b",0.0649211406708,0.0192601494491,0.0121674099937,0.0028370746877,0.0648391544819,0.0191443376243
479,15,"433127084111103","4d388a07-be1a-4734-a7da-579313a7d7c6",0.303019672632,0.0857453122735,0.160815268755,0.0497963503003,0.258782118559,0.0762112960219
209,15,"43072537423118","a3a5026f-cfe8-4c0d-ab78-7e85132bc55c",0.0464335791767,0.0122575312853,0.0108055938035,0.00234828540124,0.045333519578,0.0121488031
210,15,"43072508432501","61fe335c-dfa8-4ed7-8f65-7fd2ad604036",0.175994694233,0.0455157496035,0.034052927047,0.00816986616701,0.170902594924,0.0445135086775
211,15,"43072508432502","70f244d6-af16-437f-a778-ab805106a3ed",0.218943983316,0.0519050210714,0.0327557437122,0.010255930014,0.219013094902,0.0494331605732
212,15,"43072508433503","77bca8bf-9a1d-4053-baeb-95e6a15578bb",0.215738266706,0.0586793199182,0.0331754237413,0.0104621946812,0.209784463048,0.0573531389236
213,15,"43072508422504","8c028e9e-991a-41b8-a896-9e1613bd2c19",0.184538140893,0.0507775507867,0.0297822915018,0.00898755434901,0.17996712029,0.0503342784941
214,15,"43072508432505","f41d3aba-b6cd-4dd3-af44-cd7913ea6e8a",0.159601092339,0.0451668649912,0.0361075289547,0.00957340653986,0.158948883414,0.0449464134872
215,15,"43072508443506","6a3d8a7b-0bc6-4390-b749-00c6170bf53b",0.157121479511,0.0460563674569,0.0262945275754,0.00704924343154,0.152886420488,0.0457151420414
216,15,"43072508423507","e3916a0d-2f97-464e-8e83-fb9145f92838",0.187460869551,0.0534498393536,0.0238635558635,0.0162900388241,0.185254499316,0.050013165921
217,15,"43072508452508","e1c32b97-5d3d-47b3-ac62-79918e0e470f",0.143872261047,0.0399743840098,0.0171524565667,0.00464653037488,0.145772099495,0.0401823893189
218,15,"43072508422509","55e850c2-3db4-45ab-8c32-e975a20c662e",0.150902405381,0.036870315671,0.0334615632892,0.0075358459726,0.147404953837,0.0357507541776
219,15,"43072508422510","9f07d266-15e1-4c9b-b133-9071838aadde",0.184745371342,0.0472857654095,0.0287612974644,0.00699135428295,0.179939523339,0.046560049057
220,15,"43072508423511","0c878d62-32e8-4bcd-8c05-16020c4fab4c",0.123772077262,0.0316413678229,0.0201682243496,0.0056481952779,0.124051332474,0.0312552750111
221,15,"43072531413512","c793a653-7d21-4039-a0f4-2a8f929251f8",0.150028601289,0.044603228569,0.0207838062197,0.00624449085444,0.146585866809,0.044126868248
222,15,"43072531413513","181ad437-13bc-4503-8f40-3199a6f08e90",0.142957985401,0.038583137095,0.0198221635073,0.00553880445659,0.141039416194,0.0396077074111
223,15,"43072531412514","cf266eee-1108-4013-ac7b-7ebe85aebe8c",0.0771070793271,0.0244866274297,0.0194090660661,0.00602639233693,0.0738381147385,0.0245400164276
224,15,"43072506422515","a8627f28-aed8-45e7-9a21-b5dbfdf9fb71",0.1587485075,0.0442229025066,0.026743458584,0.00696264766157,0.154820472002,0.0424649789929
225,15,"43072537432516","65537123-9a66-48f1-941f-9dab7e7febb3",0.120565071702,0.0287293102592,0.025743778795,0.00585494283587,0.116917580366,0.0289499778301
226,15,"43072506421517","21e2f967-9614-4593-b741-3bab3b099334",0.128998368979,0.031669922173,0.0215488802642,0.00622157240286,0.126134365797,0.0303266588598
227,15,"43072501422518","aff34e56-dc91-4394-b50b-922ffa5800fb",0.267386376858,0.0700599402189,0.0448736436665,0.011023087427,0.257872223854,0.0694764852524
228,15,"43072508443601","834bf89e-b87d-48e9-be0f-38e9e1667f15",0.216182529926,0.0402911640704,0.0410602577031,0.00747680524364,0.218801319599,0.039409019053
229,15,"43072508443602","d4b45b40-7204-4f6c-a1d3-288acfbfe3cb",0.109631508589,0.0249203275889,0.0212098378688,0.00514096347615,0.109698995948,0.0243193302304
230,15,"43072508432603","910ab1fd-8ffb-42b7-a760-d0578d27a1ef",0.117645390332,0.0289872288704,0.0320954471827,0.00972906593233,0.111509688199,0.0276754628867
231,15,"43072508421604","adcd055e-90f0-4d62-b85e-e8287805c558",0.102458238602,0.0220797210932,0.0237406622618,0.00416751857847,0.100282974541,0.0219277590513
232,15,"43072531411605","0a89255f-80f4-40f8-a839-a55b9d556ded",0.136619523168,0.0369099117815,0.0222625378519,0.00646694609895,0.136244133115,0.0361498706043
233,15,"43072531411606","d2fa38de-3e0e-4491-a645-29fc711ad526",0.135336890817,0.0365609638393,0.0213228072971,0.00605988223106,0.131995469332,0.0364748686552
234,15,"43072506412607","a1fec384-d243-4910-8861-7a5ab658aa89",0.182985857129,0.0485599897802,0.0196047555655,0.00844438001513,0.181846216321,0.0478337928653
235,15,"43072531412608","7a444e51-6fea-4787-a327-ed73fe32dbe3",0.169539019465,0.0435432903469,0.0201202724129,0.00605510128662,0.169418796897,0.0429709330201
236,15,"43072508452609","10ba34a4-3ea6-423a-8245-4f40cf78350d",0.133691102266,0.0272195711732,0.0378863625228,0.008893372491,0.127591222525,0.0259594172239
237,15,"43072506412610","3c3e03d4-4b36-4541-b18c-8bcf420adf76",0.238638266921,0.0576502941549,0.0388033390045,0.0127508146688,0.232077926397,0.0567011125386
238,15,"43072506413611","02e34e1c-8ebd-48a3-a139-4551d2695915",0.195150196552,0.0526825264096,0.032474976033,0.00872475840151,0.187719553709,0.0506511740386
239,15,"43072508453612","a145c16b-1d1e-42e8-af99-ee20d8e179e0",0.188456237316,0.0503669716418,0.0280717667192,0.00830253399909,0.186555862427,0.0497953183949
240,15,"43072508453613","2801f6c0-2438-48b0-be72-cd17753386b4",0.183434307575,0.0479527823627,0.0306311640888,0.00672042602673,0.176631450653,0.0479927062988
241,15,"43072531412614","82986392-2ed2-400d-aac1-a42b2540d2c8",0.28749102354,0.0753605589271,0.0686819031835,0.0187686439604,0.276580780745,0.070960059762
242,15,"43072531413615","c0e2b32a-8559-4f59-84e3-dbcbdd1f1c68",0.351920694113,0.0735155642033,0.1343998909,0.0381253361702,0.32302314043,0.0661328807473
243,15,"43072531413616","e9a2a113-365e-4df4-9f9d-48a282bb2760",0.310512840748,0.0751283988357,0.128392294049,0.0169464834034,0.26722830534,0.071786314249
244,15,"43072501423617","f0bcc49d-750f-4e55-9ca5-a4ffe359a4b5",0.245297402143,0.0569508746266,0.110462293029,0.0298318676651,0.217058762908,0.0473226383328
245,15,"43072531441618","fc233d3a-b012-4fc1-b58a-04a677aa32c7",0.153405994177,0.043106559664,0.0235216319561,0.00672231055796,0.151735752821,0.0424447879195
246,15,"43072501423619","70abaa18-2a0c-4d65-a5c4-e5a3bd912326",0.196082800627,0.0459108613431,0.0555639006197,0.0084483763203,0.178989335895,0.0460085384548
247,15,"43072537422620","604cae90-6907-4c09-a188-09a69b428408",0.1735997051,0.0375790782273,0.023648198694,0.005861769896,0.1714258641,0.0359646007419
248,15,"43072508453621","01477b7f-0583-4feb-88f4-90e44b569758",0.107289522886,0.025124784559,0.0354272089899,0.00681352009997,0.0996028855443,0.023313716054
249,15,"43072501423622","95f38f5f-ce78-40b6-ac51-7dcf01bfe88d",0.295762419701,0.0608755275607,0.0805990770459,0.00983051024377,0.281807810068,0.0587753728032
250,15,"43072501433623","5fbcc851-99cd-49eb-b233-fe376359a5c9",0.237673953176,0.0593677721918,0.0355780571699,0.00887566804886,0.236182510853,0.0593772381544
251,15,"43072501433624","62990e6e-c6b4-4ced-87fc-656f5b694a30",0.182207971811,0.0485945902765,0.0293642394245,0.00617411918938,0.176303103566,0.0482083633542
252,15,"43072501412625","e2d13743-da8a-4fc3-a6a3-1070b94ce263",0.202893003821,0.0579601600766,0.030287316069,0.0103670591488,0.196282446384,0.0567421726882
253,15,"43072501432626","f6d838cd-cae3-46b7-867a-843428904e28",0.185895234346,0.0492128394544,0.027764774859,0.00697687547654,0.183063879609,0.0492900386453
254,15,"43072501431627","f9e900b7-6544-41a1-b0f9-b306eb1764c1",0.198656693101,0.0502445325255,0.0361250787973,0.00817367713898,0.188178360462,0.0491516068578
255,15,"43072501432628","3060ce30-7daf-458e-9dde-f07b6c7c5775",0.1725256145,0.0455759204924,0.0338144861162,0.00889178086072,0.166531637311,0.0448948927224
256,15,"43072501432629","fdb53cf9-d99f-4265-859e-6b4f810f5617",0.203682214022,0.047545813024,0.0449015907943,0.00921466294676,0.200214073062,0.0449823327363
257,15,"43072501431630","92094c4e-7726-4f60-b7ac-1477d416adeb",0.206086277962,0.0516873076558,0.0366174392402,0.00850654859096,0.20156674087,0.0503091663122
258,15,"43072501421631","9c59a915-118d-47e0-a580-701b36648916",0.154456332326,0.0456265993416,0.020207548514,0.00887638144195,0.154495105147,0.0447749495506
259,15,"43072501431632","df8e8788-c6ff-42be-94a8-e5c5d11148c3",0.186878487468,0.0474148467183,0.0315439961851,0.00897784810513,0.180872902274,0.0456016883254
260,15,"43072501421633","c0a4f3bc-bdd3-49ff-8024-4ef43767afe0",0.122792296112,0.0327907279134,0.0209728255868,0.00602731201798,0.121370099485,0.0324767567217
261,15,"43072508411634","075a7bc0-3af0-4b9a-b51a-8f604f6bfdf7",0.17258925736,0.0526452511549,0.0230871010572,0.00763775687665,0.171609804034,0.0519779883325
262,15,"43072508423635","363f0243-1a3c-429a-b1ae-1584d0b13636",0.152529358864,0.0490027889609,0.0222681965679,0.00846256874502,0.153164640069,0.0487343072891
263,15,"43072501421636","ee062d73-3f13-4ea9-8fbd-e259a832d6e1",0.159596070647,0.0383238978684,0.030118200928,0.00784347113222,0.159620732069,0.0375065803528
264,15,"43072501412637","8422c1f8-1b88-47a5-a4b0-c3ed90119443",0.118961371481,0.0323262810707,0.015942197293,0.00552993034944,0.116140089929,0.0321422629058
265,15,"43072508421101","ce6c722b-2330-45d3-b15d-92b20bf90cd9",0.148216620088,0.0369389988482,0.0318149290979,0.00772251235321,0.146272063255,0.0363882519305
266,15,"43072508421102","3beca62a-06fa-4ecc-83b3-79f76b0cfefb",0.160372674465,0.0382758826017,0.0314132422209,0.00874714273959,0.161249995232,0.0382376201451
267,15,"43072508433103","0d5ebb25-2e0e-40cf-850a-5d634a543d88",0.223045781255,0.0564556159079,0.0310773458332,0.00975392013788,0.216204851866,0.0549690015614
268,15,"43072508433104","6b7eed42-378e-42b2-80a1-c90a4617b1d6",0.224329084158,0.0591439008713,0.0265758428723,0.00907047931105,0.218568518758,0.0583767443895
269,15,"43072506412105","2d33a8ba-a399-44c9-ae4e-9865eec44653",5.25418567657,0.0399949215353,1.82777285576,0.00535852182657,5.55981302261,0.0390950739384
270,15,"43072506413106","b3a326e8-4dd3-49b8-bf7b-ff48e4327166",0.217417165637,0.0463349930942,0.0355506129563,0.00640858244151,0.210938036442,0.0453025586903
271,15,"43072506431107","d76b1edd-be33-4500-985a-f3f7d5342763",0.131412759423,0.0321704670787,0.0154275633395,0.0046467394568,0.130789712071,0.0318305045366
272,15,"43072506412108","3a724610-7115-4bc1-a0b0-b66200007112",0.207630202174,0.0559701025486,0.0310267098248,0.0097483266145,0.209095939994,0.055030118674
273,15,"43072537413109","4717283a-296c-4c02-bda2-7ebe9f5fb704",0.165548637509,0.0359328202903,0.0407065786421,0.0116086695343,0.171350955963,0.0354995466769
274,15,"43072537412110","b1c3ce81-b5a7-4491-a3a0-38b1a32b53bb",0.148162484169,0.0350678823888,0.0302445068955,0.00857865903527,0.152349233627,0.0358825661242
275,15,"43072537413111","cdbf0c75-b8a2-4701-8d2a-9a951bf8701f",0.140985101461,0.0340676680207,0.0246915761381,0.0069721234031,0.140472725034,0.034255284816
276,15,"43072536413112","4f91629d-92dd-4fdb-a298-b2d7363abe93",0.149273589253,0.0381828136742,0.0241674538702,0.00858978834003,0.150102421641,0.0372413210571
277,15,"43072537412113","94633532-f01f-4cd0-985d-ca362e0f047c",0.124595373869,0.0303762648255,0.0297708492726,0.00482343649492,0.123051859438,0.0306128971279
278,15,"43072506413114","7355be53-a955-4e3e-9816-62e90ab24050",0.187082380056,0.0511797554791,0.0388727337122,0.0109733603895,0.182272598147,0.0486559458077
279,15,"43072506413115","d9419be8-8c33-4720-817b-929bdc4977cd",0.213288396597,0.0574870407581,0.0388115383685,0.00874336436391,0.214243218303,0.0562722794712
280,15,"43072536421116","0bc2d598-21fc-457d-9bc8-678e3f767d62",0.293103218079,0.0684386715293,0.0794508904219,0.0124075030908,0.270396023989,0.0672732964158
281,15,"43072501413117","b670d943-af00-4f32-9dc5-fc7ac8b24a74",0.26688143611,0.0617132820189,0.0610880032182,0.0152431782335,0.245124146342,0.0583900138736
282,15,"43072536432119","12b49700-51be-456c-bb72-c27a8e516286",0.175124332309,0.0473994351923,0.0259414128959,0.00743420515209,0.173756539822,0.0460798740387
283,15,"43072506423120","cb98c28f-5f0f-4766-aa98-136d92e94d2f",0.215834736824,0.0653019100428,0.0327169410884,0.0122413281351,0.214003846049,0.0656353309751
284,15,"43072508421121","73481163-230b-4973-994e-c04bb3e4cbcd",0.189542368054,0.0513698123395,0.0309023242444,0.00920817162842,0.182047620416,0.0496691465378
285,15,"43072536421122","ea9fbae3-ba5e-44fb-87aa-00fc60cd9f2f",0.175634890795,0.0496754720807,0.0256437696517,0.00853944197297,0.171548873186,0.049437969923
286,15,"43072537423123","3056d150-6dbe-46f9-bd98-e0260327b024",0.204717114568,0.0528241433203,0.0293369349092,0.00700951134786,0.201744690537,0.0519803650677
287,15,"43072501433124","1db7d920-10be-4bec-9cb1-c820a773ed7c",0.206085935235,0.0480679795146,0.0477262921631,0.00723864277825,0.195422589779,0.0486750043929
288,15,"43072535421125","a2d4ba07-1acf-4ebd-9b59-88097e33461b",0.159025505185,0.0398560166359,0.0412382893264,0.0105840079486,0.150701209903,0.0384392738342
