YDH,FIDs,YDXH,YU_BI_DU,PJ_XJ,PJ_SG,SHU_G_MAX,SHU_G_MIN,XGDMJJQ,SGMJJQ,Density,AveBasalArea,AveHeight,WeightedHeight,AveAGB
4.30725E+13,252,25,0.5,8.5,5.4,10.5,2.7,6.7,5.7,933.71,0.01,5.4,6.73,83.68
4.30725E+13,264,37,0.5,8.9,6.7,12,3,7.6,6.8,1273.24,0.01,6.7,7.64,131.58
4.30725E+13,281,17,0.7,10,6.5,10.1,5,7.4,6.9,523.44,0.01,6.49,7.38,122.92
4.30725E+13,258,31,0.3,11.3,8,15.4,3.1,10.6,9.8,933.71,0.01,8.03,10.61,216.6
4.30725E+13,260,33,0.2,10.4,7.7,14,3.7,9.7,9.5,622.47,0.01,7.69,9.67,120.49
4.30725E+13,263,36,0.3,9.8,7.9,23.8,3.3,13.7,10.3,806.39,0.01,7.89,13.71,180.7
4.30725E+13,227,18,0.6,13.3,9.9,17.8,4.7,11.7,11,1117.62,0.02,9.86,11.72,375.16
4.30725E+13,244,17,0.7,12.7,7.9,15.2,4.3,9.5,9.1,848.83,0.02,7.91,9.47,234.46
4.30725E+13,246,19,0.8,9.9,8.9,13.8,4.3,10.2,9.6,1230.8,0.01,8.89,10.17,226.06
4.30725E+13,249,22,0.7,17.4,10.4,17.1,5.8,12.5,11.4,636.62,0.03,10.36,12.53,384.33
4.30725E+13,254,27,0.3,13.2,9.4,13.5,3.7,11.4,10.8,679.06,0.02,9.4,11.37,234.15
4.30725E+13,257,30,0.3,14.8,10.1,17.3,3.2,13.4,12.6,735.65,0.02,10.13,13.42,371.18
4.30725E+13,259,32,0.3,13.8,11.7,21,3.5,13.9,12.8,565.88,0.02,11.73,13.9,241.26
4.30725E+13,253,26,0.6,12.1,9.4,13.6,2,10.8,10.8,1485.45,0.01,9.36,10.79,435.79
4.30725E+13,255,28,0.6,13.5,10.1,16.3,4,12.2,11.5,1711.8,0.02,10.11,12.15,642.74
4.30725E+13,256,29,0.6,17.2,12.5,21.6,4,14.5,13.7,679.06,0.03,12.49,14.46,436.2
4.30725E+13,287,24,0.8,15.8,10.7,15.5,6.5,12.4,11.9,580.03,0.02,10.68,12.38,299.62
4.30725E+13,250,23,0.7,13.9,9.4,15,5,11.6,10.8,990.3,0.02,9.37,11.65,379.93
4.30725E+13,251,24,0.7,14.2,10.5,15.3,3.2,12.1,11.2,947.86,0.02,10.49,12.11,391.66
4.30725E+13,269,5,0.5,8.6,6,8,4.2,6.3,6.3,947.86,0.01,6.02,6.26,68.19
4.30725E+13,272,8,0.4,9.1,5.9,9.5,0,6.7,6.7,862.97,0.01,5.94,6.69,49.96
4.30725E+13,234,7,0.4,6.2,4.8,8.4,3,5.1,5.2,1103.47,0,4.8,5.08,26.47
4.30725E+13,237,10,0.5,5.3,3.6,9.6,2.7,4.1,3.8,1683.51,0,3.63,4.11,26.54
4.30725E+13,270,6,0.8,9,5.9,7.2,4.2,6.2,6.1,1471.3,0.01,5.85,6.16,87.51
4.30725E+13,278,14,0.7,10.3,6.3,10.3,3.9,7,6.9,1230.8,0.01,6.27,6.97,100.59
4.30725E+13,279,15,0.7,9.5,5.9,7.9,3.5,6.3,6.2,1004.44,0.01,5.95,6.31,65.01
4.30725E+13,238,11,0.7,5.4,4.2,9.5,3,4.7,4.9,2305.98,0,4.2,4.75,45.02
4.30725E+13,226,17,0.7,10,7.6,12.2,4.1,8.4,8,1443,0.01,7.6,8.36,121.44
4.30725E+13,224,15,0.5,12.8,9.7,14.6,4.7,10.6,10.5,1046.89,0.01,9.69,10.6,175.02
4.30725E+13,283,20,0.7,9.4,6.3,10.1,3.8,7.2,6.8,1145.92,0.01,6.34,7.22,82
4.30725E+13,271,7,0.3,14.9,10.5,13.4,6,10.9,10.7,353.68,0.02,10.54,10.91,78.77
4.30725E+13,261,34,0.2,8.5,6.8,8,5,7.1,7,452.71,0.01,6.85,7.13,15.16
4.30725E+13,265,1,0.3,14,10.1,15.2,4.8,11.9,10.4,311.24,0.02,10.06,11.86,60.61
4.30725E+13,266,2,0.3,23.2,11.5,15.9,4.2,13.6,12.7,169.77,0.05,11.48,13.61,121.45
4.30725E+13,284,21,0.2,19.7,10.4,12.4,8,10.7,10.8,169.77,0.03,10.38,10.71,59.17
4.30725E+13,231,4,0.3,15.1,8,14.6,3.9,10.3,10.1,282.94,0.02,8.04,10.34,64.06
4.30725E+13,213,4,0.6,10.5,11.8,18.8,5.2,12.8,12.2,1018.59,0.01,11.81,12.82,129.36
4.30725E+13,218,9,0.6,13.4,12.6,16.5,4.7,14.1,13.5,693.21,0.02,12.63,14.12,147.93
4.30725E+13,219,10,0.5,14,12.8,17.7,3.8,13.8,13.1,466.85,0.02,12.79,13.77,100.69
4.30725E+13,216,7,0.8,10,11.1,19.2,5.2,12.8,11.5,1499.59,0.01,11.09,12.76,157.92
4.30725E+13,220,11,0.7,8.9,9.8,18.2,5.3,11.9,10.9,1443,0.01,9.81,11.92,117.54
4.30725E+13,262,35,0.7,14.2,11.3,14.1,5.2,11.8,11.7,1004.44,0.02,11.27,11.81,175.31
4.30725E+13,210,1,0.6,13.5,13.6,29.5,3.6,19.3,16.4,962,0.02,13.63,19.29,445.82
4.30725E+13,211,2,0.6,13.5,11,27.4,5.1,19.1,17.5,848.83,0.02,11,19.11,446.99
4.30725E+13,214,5,0.6,15,16.5,21.6,7.8,18.4,18,792.24,0.02,16.45,18.45,285.85
4.30725E+13,230,3,0.5,16.4,13.4,22.3,3.7,17.6,15.8,452.71,0.03,13.41,17.55,204.89
4.30725E+13,267,3,0.9,15.7,12.4,25.7,1.5,16.4,14.1,650.77,0.02,12.38,16.45,297.03
4.30725E+13,268,4,0.8,16.7,12.4,17.8,5,14.2,13.3,495.15,0.03,12.44,14.17,181.01
4.30725E+13,212,3,0.8,10.2,12.2,21.3,6.9,13.9,13.4,1570.33,0.01,12.24,13.87,178.17
4.30725E+13,215,6,0.7,13.8,15.8,24.8,7.7,18.1,17.4,721.5,0.02,15.8,18.05,221.07
4.30725E+13,228,1,0.7,18.5,15.7,23.4,5.4,18.7,18.4,452.71,0.03,15.69,18.73,386.37
4.30725E+13,229,2,0.7,19.1,13.9,25.5,5.4,18.7,18.7,551.74,0.04,13.89,18.71,455.86
4.30725E+13,217,8,0.6,19.2,19,30.2,12.5,21,20,481,0.03,18.95,20.97,338.47
4.30725E+13,236,9,0.6,20.5,16.5,27.7,5.4,21.1,21.6,580.03,0.04,16.48,21.13,507.85
4.30725E+13,239,12,0.7,23,16.9,28.8,5,21.3,21.1,608.33,0.05,16.94,21.31,634
4.30725E+13,240,13,0.8,25.2,16.7,33.7,5.1,21.7,21.6,424.41,0.06,16.72,21.66,711.52
4.30725E+13,248,21,0.8,26.3,17.7,28.4,5.1,20,20.1,523.44,0.06,17.7,20.01,633.8
4.30725E+13,232,5,0.3,14.3,8.7,12.5,4.6,9.6,9.3,367.82,0.02,8.67,9.58,106.64
4.30725E+13,233,6,0.3,14.3,7.2,10.5,4.3,7.7,7.5,325.38,0.02,7.17,7.68,74.44
4.30725E+13,223,14,0.5,3.8,2.9,3.7,2.3,3,3,1061.03,0,2.91,2.97,10.72
4.30725E+13,235,8,0.4,12.3,7,10.1,4.6,7.9,7.8,353.68,0.01,6.98,7.93,108.36
4.30725E+13,241,14,0.5,10.3,7.1,11.1,3.5,8,7.7,1145.92,0.01,7.11,7.98,171
4.30725E+13,221,12,0.7,3.8,3,3.8,2.4,3.1,3.1,2504.04,0,3.05,3.08,25.89
4.30725E+13,222,13,0.7,4,3,3.8,2.2,3,3.1,1725.95,0,3,3.05,19.73
4.30725E+13,242,15,0.7,12,6.3,13.3,3.5,8,7.9,1188.36,0.01,6.33,8.04,286.78
4.30725E+13,243,16,0.7,9.3,6.1,11.5,3.1,7.5,7.1,693.21,0.01,6.14,7.53,79.01
4.30725E+13,245,18,0.3,15.6,12,24.2,2.6,14.7,15.5,792.24,0.02,12.01,14.75,391.76
4.30725E+13,288,25,0.3,14,9.2,14.6,5,12,10.1,254.65,0.02,9.18,12,67.54
4.30725E+13,276,12,0.7,8.5,6.4,7.8,4.8,6.6,6.6,990.3,0.01,6.39,6.63,109.59
4.30725E+13,280,16,0.4,16.5,8.2,10.7,5,9.4,8.8,297.09,0.03,8.18,9.42,116.39
4.30725E+13,285,22,0.3,13,7.1,14.6,4.1,10.3,9.5,254.65,0.02,7.12,10.31,66.23
4.30725E+13,282,19,0.6,16.3,10.7,18.1,4.3,13.3,11.5,622.47,0.03,10.73,13.27,332.98
4.30725E+13,274,10,0.6,8,6.2,9.3,3.7,6.6,6.3,763.94,0.01,6.19,6.56,141.76
4.30725E+13,277,13,0.6,7.6,5.1,7.2,3.1,5.7,5.2,806.39,0.01,5.11,5.74,78.63
4.30725E+13,273,9,0.7,7.8,5.3,6.8,3.8,5.4,5.3,594.18,0.01,5.3,5.4,166.55
4.30725E+13,275,11,0.7,9.1,4.8,7.5,2.5,4.8,5.1,848.83,0.01,4.83,4.79,79.17
4.30725E+13,247,20,0.5,14,9.9,14.6,3.7,11.6,11.2,622.47,0.02,9.93,11.64,427
4.30725E+13,209,18,0.9,10.6,7.1,12.6,4,9.1,8.7,919.56,0.01,7.11,9.11,203.75
4.30725E+13,286,23,0.7,16.2,8.8,16.9,4.2,13.3,11.3,268.8,0.03,8.78,13.33,928.55
4.30725E+13,225,16,0.4,15.7,11.5,26.7,5.4,16.7,13.4,495.15,0.03,11.51,16.68,258.78
4.33101E+13,291,3,0.3,10.3,8.1,16.7,4.3,10.6,9.6,594.18,0.01,8.05,10.56,111.19
4.33101E+13,292,4,0.4,11.6,9.8,18.5,1.5,12.8,12.2,862.97,0.01,9.83,12.8,271.28
4.33101E+13,293,5,0.5,9.9,10.2,17.5,1.6,12.2,11.7,1244.95,0.01,10.19,12.21,257.38
4.33101E+13,332,1,0.6,10,8.1,15.5,3.5,10.2,9.4,1725.95,0.01,8.12,10.25,333.01
4.33101E+13,424,9,0.4,12,10.5,19.9,4,14.1,12.8,1202.5,0.01,10.55,14.07,383.73
4.33101E+13,333,2,0.6,10.6,10.3,22.2,3.1,13.6,13.4,1061.03,0.01,10.31,13.64,311.75
4.33101E+13,334,3,0.7,9.8,9.3,17.1,4.2,10.4,9.8,2405.01,0.01,9.27,10.44,442.7
4.33101E+13,302,14,0.2,11.9,8,11.9,3.9,9.1,8.5,565.88,0.01,7.95,9.15,76.18
4.33101E+13,427,12,0.3,10.2,8.3,13.6,3.4,9.8,8.7,1259.09,0.01,8.29,9.84,142.47
4.33101E+13,342,12,0.2,8.1,5.1,9.7,3.4,6.3,5.7,466.85,0.01,5.14,6.27,23.16
4.33101E+13,290,2,0.4,10.9,8.2,14.8,3.4,9.7,9.3,1103.47,0.01,8.17,9.75,126.83
4.33101E+13,417,2,0.5,10.1,7.7,18,3.1,10.7,9.9,1980.59,0.01,7.73,10.72,233.68
4.33101E+13,289,1,0.6,11.9,10.5,26.5,4.7,15.7,13,1230.8,0.02,10.5,15.7,364.17
4.33101E+13,337,6,0.5,13.4,11.1,18.8,4.5,12.8,13,1089.33,0.02,11.07,12.81,252.18
4.33101E+13,303,15,0.3,11.5,7,13.7,3.6,8.4,8,749.8,0.01,6.97,8.44,117.32
4.33101E+13,300,12,0.5,13.6,9.8,13.5,4.1,11,10.7,664.91,0.02,9.84,10.97,159.54
4.33101E+13,436,22,0.4,12.3,8.4,12.5,4,9.7,9.3,1301.53,0.01,8.4,9.68,239.07
4.33101E+13,338,8,0.7,15.2,11.5,21.2,4.4,12.6,12.1,693.21,0.02,11.48,12.58,248.96
4.33101E+13,421,6,0.6,17.3,13.5,21.7,4.1,17.1,15.7,1075.18,0.03,13.53,17.11,612.63
4.33101E+13,422,7,0.5,14.1,11.8,19.5,4,15,13.1,976.15,0.02,11.84,15.04,380.08
4.33101E+13,423,8,0.5,15.7,11.1,17.6,4.4,14.1,13.1,919.56,0.03,11.14,14.08,407.22
4.33101E+13,335,4,0.6,15.2,16.8,21.7,10.1,17,17,1259.09,0.02,16.76,17.02,447.45
4.33101E+13,294,6,0.7,16.2,15.3,21.8,5.1,17.3,16.6,1018.59,0.02,15.31,17.28,478.1
4.33101E+13,295,7,0.7,16.2,11.7,16.8,4.5,13.1,12.6,1046.89,0.02,11.71,13.1,390.54
4.33101E+13,425,10,0.8,15.2,12.3,16.4,5,13.5,13.3,1117.62,0.02,12.3,13.51,399.81
4.33101E+13,432,17,0.3,14.5,10.6,24.2,2.9,16.8,13.6,820.53,0.02,10.59,16.77,411.93
4.33101E+13,305,16,0.5,9.5,6.4,8.8,4.3,6.8,6.5,495.15,0.01,6.41,6.82,47.21
4.33101E+13,434,19,0.3,11.9,10.5,17.1,4,12,11.3,1075.18,0.01,10.53,11.96,262.13
4.33101E+13,297,9,0.5,12.6,8.5,16.7,4.1,10.9,9.5,1061.03,0.02,8.53,10.94,303.38
4.33101E+13,419,4,0.7,11.1,9.7,18.3,3,12.5,11,1641.06,0.01,9.68,12.5,410.54
4.33101E+13,418,3,0.7,11.9,11.3,21.7,3,13.5,11.7,1428.86,0.01,11.27,13.51,411.75
4.33101E+13,433,18,0.8,11.3,10,17.9,4,12.1,11.2,2150.36,0.01,10,12.07,507.22
4.33101E+13,426,11,0.3,12.7,10.6,18.8,4,14.2,12.6,1004.44,0.02,10.57,14.15,366.29
4.33101E+13,428,13,0.5,14.7,12.3,20.8,3,14.9,12.8,947.86,0.02,12.29,14.88,477.43
4.33101E+13,429,14,0.6,12.4,9.3,17,3,12.1,10.8,1372.27,0.01,9.34,12.09,367.68
4.33101E+13,431,16,0.5,17.2,12.5,21.2,5.2,17.1,15.2,650.77,0.03,12.51,17.08,521.98
4.33101E+13,430,15,0.3,48.1,30.3,39.6,22,32.1,31.4,254.65,0.19,30.27,32.14,4550.94
4.33101E+13,299,11,0.5,15,10.1,14,5.3,10.9,10.7,1018.59,0.02,10.13,10.93,278.3
4.33101E+13,437,23,0.6,12.5,9.8,15.9,4.2,11.5,11.1,1471.3,0.01,9.78,11.53,312.19
4.33101E+13,346,16,0.7,17.3,12.5,22.4,3.3,16.2,14.3,594.18,0.03,12.5,16.22,307.9
4.33101E+13,298,10,0.3,13.2,9.7,14.2,5.4,11.4,11.2,721.5,0.02,9.74,11.4,192.52
4.33101E+13,435,21,0.5,12.8,10.2,24.1,3,15.9,13,1103.47,0.02,10.19,15.92,382.08
4.33101E+13,340,10,0.6,15.3,12.9,22.4,3,15.5,14.5,947.86,0.02,12.86,15.48,283.08
4.33101E+13,341,11,0.7,14.3,9.9,17.2,3.4,11.7,11.1,834.68,0.02,9.89,11.68,209.81
4.33101E+13,301,13,0.5,23.2,13.4,28.9,4.2,23,20.5,438.56,0.07,13.38,23,1095.58
4.33101E+13,296,8,0.2,8,6.8,11.8,3.6,8,7.4,721.5,0.01,6.81,8.04,75.23
4.33101E+13,420,5,0.8,12.5,10.6,21.3,4,13.8,12.4,1230.8,0.01,10.56,13.78,436.15
4.33101E+13,345,15,0.3,17.9,12,24.8,3.7,18.2,14.3,240.5,0.03,11.95,18.18,239.89
4.33101E+13,347,17,1,17.8,13.2,21.8,9.1,15.2,14.3,212.21,0.03,13.19,15.23,146.44
4.33101E+13,349,19,0.7,29.1,17.4,22.6,3.8,19.6,19.4,141.47,0.07,17.41,19.58,105.53
4.33101E+13,343,13,0.6,21.8,14.5,30,3.8,20.8,17.5,551.74,0.05,14.54,20.81,876.09
4.33101E+13,336,5,0.7,29.9,17.7,33.8,6.8,20.5,18.8,325.38,0.08,17.66,20.5,751.78
4.33101E+13,339,9,0.7,24.3,15.5,28.4,5.1,17.5,15,580.03,0.05,15.46,17.42,868.48
4.33101E+13,344,14,0.3,24.3,15,27.9,5.3,19.2,16.5,297.09,0.05,14.95,19.16,502.53
4.33101E+13,348,18,0.7,20.2,14,25.9,4.5,17.5,13.2,339.53,0.04,14.03,17.49,146.28
4.33124E+13,456,59,0.4,13.6,10.4,18.3,4.4,14.7,12.8,481,0.02,10.45,14.69,682.56
4.33124E+13,450,60,0.8,23.6,13.6,20.5,5.2,15.3,15.1,608.33,0.05,13.57,15.27,548.03
4.33124E+13,449,58,0.4,17.4,13.9,30.2,3.8,22.4,19.7,509.3,0.04,13.88,22.38,2035.24
4.33124E+13,447,20,0.8,18.3,15.9,29.1,2.8,21.6,19.6,862.97,0.04,15.9,21.6,843.7
4.33124E+13,388,17,0.5,11.8,8.9,12.9,4.2,9.8,9.2,1259.09,0.01,8.89,9.83,160.01
4.33124E+13,389,18,0.5,11.4,8.5,11.7,5.2,9.1,8.8,1273.24,0.01,8.52,9.07,142.46
4.33124E+13,387,16,0.3,15.1,10.5,14.1,6.4,11.3,11.1,636.62,0.02,10.5,11.32,140.77
4.33124E+13,311,3,0.7,13.5,10.5,16.7,3.2,11.7,11.6,1075.18,0.02,10.52,11.71,221.84
4.33124E+13,309,1,0.4,10.5,6.1,9.8,3.6,7.3,6.9,495.15,0.01,6.12,7.27,58.65
4.33124E+13,314,6,0.3,8.7,5,7,3.4,5.5,5.3,396.12,0.01,5.05,5.47,24.14
4.33124E+13,315,7,0.2,8,4.6,6.1,2.5,4.8,4.9,438.56,0.01,4.64,4.81,20.78
4.33124E+13,317,9,0.4,8.9,5.6,8.7,3.4,5.9,5.7,565.88,0.01,5.62,5.94,39.93
4.33124E+13,325,15,0.5,8.3,6.2,11,3.5,6.8,6.4,650.77,0.01,6.15,6.79,43.65
4.33124E+13,326,16,0.4,8.9,6,10.2,3.1,6.9,6.7,933.71,0.01,5.98,6.85,71.44
4.33124E+13,408,38,0.7,9.2,6.4,8.4,3.6,6.9,6.6,1386.42,0.01,6.45,6.85,99.63
4.33124E+13,409,39,0.7,8.6,6.3,8.2,4.2,6.6,6.4,1386.42,0.01,6.33,6.57,82.6
4.33124E+13,415,45,0.7,7.2,6,12.9,3.8,7.2,6.4,2192.8,0,6,7.25,103.07
4.33124E+13,438,1,0.3,13.1,7.6,10,3.8,8.1,8.1,466.85,0.01,7.63,8.13,84.03
4.33124E+13,439,2,0.3,9.8,6.8,8.8,4.3,7.2,7,707.36,0.01,6.75,7.23,74.13
4.33124E+13,440,3,0.3,10.6,7.2,10.2,3.8,7.7,7.4,749.8,0.01,7.19,7.75,87.33
4.33124E+13,320,13,0.7,10.9,8.3,10.2,5.1,8.6,8.5,693.21,0.01,8.32,8.59,88.39
4.33124E+13,323,10,0.3,17.3,13.3,17.5,7.4,14.1,14.2,282.94,0.02,13.32,14.11,115.56
4.33124E+13,321,12,0.2,20.3,13.4,19.2,4.4,15.3,15.2,155.62,0.04,13.39,15.31,97.79
4.33124E+13,391,20,0.3,16.4,13.3,18.7,5.1,15.6,14.2,551.74,0.03,13.28,15.56,253.57
4.33124E+13,360,4,0.3,5.8,5.5,6.4,4.1,5.6,5.6,396.12,0,5.52,5.58,13.48
4.33124E+13,359,3,0.7,12.4,9.1,12.6,5.2,9.5,9.5,806.39,0.01,9.11,9.49,135.56
4.33124E+13,358,2,0.7,18.6,18.1,27.8,5.3,21.1,19.2,481,0.03,18.11,21.09,320.7
4.33124E+13,312,4,0.2,6.6,5.1,7,3.2,5.4,4.9,198.06,0,5.09,5.39,8.35
4.33124E+13,313,5,0.3,7.5,5.7,7.9,3.9,6.1,5.8,381.97,0.01,5.71,6.13,24.46
4.33124E+13,331,21,0.6,7.3,6.4,10.8,2.4,7,6.9,2192.8,0,6.42,7,132.08
4.33124E+13,378,18,0.5,7.5,6.2,9,4.8,6.4,6.5,367.82,0,6.25,6.42,21.03
4.33124E+13,448,57,0.8,7.2,6.9,12,2.6,7.4,7.5,2914.3,0,6.86,7.42,156.59
4.33124E+13,445,19,0.7,7.1,6.5,10.6,2.7,7,7.1,2928.45,0,6.46,6.98,130.46
4.33124E+13,330,20,0.3,8.5,8,11.5,4.1,8.7,8.4,792.24,0.01,8,8.67,74.11
4.33124E+13,444,7,0.3,9.7,7.6,11.7,4,8.3,7.9,1117.62,0.01,7.63,8.32,121.83
4.33124E+13,371,11,0.5,8.7,7.3,13.8,4.9,9.1,9.3,594.18,0.01,7.26,9.07,66.8
4.33124E+13,403,33,0.7,8,8.5,13.9,4.8,9.7,9.2,2574.77,0.01,8.53,9.69,241.32
4.33124E+13,357,1,0.7,10.6,7.9,13.2,2.7,9.1,8.5,1259.09,0.01,7.92,9.07,192.19
4.33124E+13,395,24,0.5,13.1,11.6,21,4.8,14.2,12.1,1188.36,0.02,11.57,14.18,771.85
4.33124E+13,400,30,0.3,10.9,9.4,15.5,4.4,11.5,10,1061.03,0.01,9.38,11.51,209.28
4.33124E+13,402,32,0.8,10.6,10.9,17.5,4,12.6,11.5,1853.27,0.01,10.91,12.63,386.62
4.33124E+13,446,21,0.4,8.4,6,7.6,4.2,6.2,6,452.71,0.01,6,6.17,28.3
4.33124E+13,328,18,0.2,11.8,7,11.3,4,7.1,7.3,381.97,0.01,6.96,7.14,59.36
4.33124E+13,329,19,0.3,11.3,7.7,12.4,3.9,9.1,8.9,580.03,0.01,7.69,9.07,104.84
4.33124E+13,398,28,0.2,10,7.8,11.6,4.6,8.9,8.5,438.56,0.01,7.79,8.93,65.11
4.33124E+13,374,14,0.7,11.4,7.5,11.9,3.2,8.5,8,396.12,0.01,7.49,8.5,56.26
4.33124E+13,375,15,0.3,13.5,8.5,10.4,4.2,9.1,9.1,325.38,0.02,8.48,9.07,78.47
4.33124E+13,369,9,0.5,7.6,6.9,9.4,4.4,7.3,7,933.71,0,6.86,7.32,65.97
4.33124E+13,370,10,0.5,7.3,6,7.4,4.1,6.2,6,933.71,0,6,6.15,52.97
4.33124E+13,377,17,0.5,11,7.6,9.4,5.5,7.9,7.8,339.53,0.01,7.56,7.89,50.13
4.33124E+13,373,13,0.7,10.9,8,15,5.3,10,9.9,466.85,0.01,7.98,9.99,72.29
4.33124E+13,376,16,0.3,15.9,11,14.4,5,11.6,10.9,226.35,0.02,10.97,11.59,90.26
4.33124E+13,397,27,0.7,11.4,10.3,16,4.2,12,11.6,1584.48,0.01,10.28,12.04,479.21
4.33124E+13,316,8,0.3,7.5,5.5,8.3,2.1,5.9,5.5,311.24,0,5.5,5.86,16.34
4.33124E+13,327,17,0.3,9.4,6.2,11.3,3.2,7.2,6.7,481,0.01,6.18,7.21,44.69
4.33124E+13,318,10,0.5,7.8,5.9,10,3.8,6.5,5.9,707.36,0.01,5.89,6.51,43.31
4.33124E+13,310,2,0.2,11.4,7.9,12.2,5.1,8.8,7.6,282.94,0.01,7.95,8.81,38.84
4.33124E+13,443,6,0.3,9.2,7.6,12.1,3.8,8.8,8.6,1032.74,0.01,7.65,8.78,108.45
4.33124E+13,401,31,0.3,10.2,8.6,14.8,4.9,9.7,9.1,1471.3,0.01,8.64,9.71,208.83
4.33124E+13,372,12,0.3,14.2,8.1,11.5,5,9,9.1,226.35,0.02,8.13,9.01,57.18
4.33124E+13,407,37,0.5,9.7,8.2,12.4,3.1,9.3,8.9,1598.62,0.01,8.21,9.3,178.57
4.33124E+13,411,41,0.5,10.9,8.6,12.2,5,9.3,8.9,1584.48,0.01,8.63,9.33,200.49
4.33124E+13,405,35,0.7,9.6,8.8,13.5,4.6,10,9.6,1584.48,0.01,8.75,10.04,223.56
4.33124E+13,410,40,0.7,9.8,7.5,10,4.5,8,7.7,2405.01,0.01,7.51,7.97,188.64
4.33124E+13,412,42,0.7,10.7,9.2,12.3,4.7,10.1,9.6,2235.24,0.01,9.21,10.06,283.74
4.33124E+13,382,11,0.3,18.5,11.1,15.1,8,11.7,11.4,240.5,0.03,11.09,11.72,92.17
4.33124E+13,383,12,0.3,13.5,9.7,14,5.4,11,10.6,693.21,0.02,9.66,10.95,151.87
4.33124E+13,384,13,0.3,13.6,11,15.3,7,11.8,11.5,650.77,0.02,10.97,11.83,146.22
4.33124E+13,386,15,0.5,13.4,11.3,15.7,6.6,12.1,11.7,792.24,0.02,11.35,12.11,167.8
4.33124E+13,385,14,0.7,13.8,11.5,15.7,5.7,12.8,12.5,1358.12,0.02,11.45,12.83,341.13
4.33124E+13,390,19,0.7,13.2,10.6,16.7,4.9,12.1,11.5,1499.59,0.02,10.63,12.09,315.18
4.33124E+13,392,21,0.8,13,10.9,15.1,4.3,12.1,11.6,1839.12,0.01,10.85,12.15,375.02
4.33124E+13,413,43,0.3,15.7,13.3,20.8,5.9,15.9,14.9,622.47,0.02,13.29,15.93,187.34
4.33124E+13,414,44,0.3,15.1,13.3,20.6,6.6,15.6,14.2,707.36,0.02,13.27,15.64,212.65
4.33124E+13,393,22,0.6,13.6,11.2,26.1,4.6,16.4,14.6,1471.3,0.02,11.24,16.4,525.3
4.33124E+13,404,34,0.5,13.7,12.5,20,2.8,15,14.1,1287.39,0.02,12.45,15.04,785.18
4.33124E+13,416,46,0.7,13.9,11.4,20.5,5.4,14.8,14.1,1428.86,0.02,11.41,14.78,333.96
4.33124E+13,379,8,0.3,9.9,7.5,10.5,4,8,7.9,650.77,0.01,7.52,8.01,77.89
4.33124E+13,394,23,0.3,11.3,7.9,10.6,4.6,8.5,8,693.21,0.01,7.92,8.47,85.54
4.33124E+13,380,9,0.5,7.9,7.8,15.2,4.5,8.8,9.5,1372.27,0.01,7.77,8.8,96.68
4.33124E+13,396,26,0.7,10.3,8.6,14.7,4.2,10.1,9.7,2405.01,0.01,8.62,10.14,336
4.33124E+13,399,29,0.7,11.7,9.6,16.2,2.8,10.8,10.6,1400.56,0.01,9.58,10.79,260.34
4.33124E+13,441,4,0.3,17.1,10.7,21,4,15.4,14.3,481,0.03,10.73,15.43,289.65
4.33124E+13,442,5,0.6,11,8.5,18.8,3.8,10.7,10.1,1216.65,0.01,8.52,10.74,174.16
4.33124E+13,381,10,0.5,13.3,11.5,18.8,5.2,12,12.1,778.09,0.01,11.46,12.02,181.01
4.33124E+13,322,11,0.7,16.6,14.2,19.3,6.3,15.4,15.1,622.47,0.02,14.18,15.43,274.21
4.33124E+13,324,14,0.2,14.3,10.9,17.4,4.9,12.7,11.3,141.47,0.02,10.9,12.7,36.62
4.33124E+13,406,36,0.5,13.2,8.6,15.8,2.1,10.7,10,947.86,0.02,8.58,10.7,957.56
4.33124E+13,367,7,0.4,9.4,6.9,11.2,3.4,7.9,7.4,848.83,0.01,6.92,7.86,95.57
4.33124E+13,364,5,0.7,10.1,7.6,15,2.9,8.6,8.2,693.21,0.01,7.56,8.56,171.63
4.33124E+13,366,6,0.7,14.8,12.9,24.4,5,16.2,14.3,594.18,0.02,12.93,16.18,436.3
4.33124E+13,368,8,0.3,15.7,10.7,25.4,5.2,14.3,11.9,311.24,0.02,10.69,14.33,188.86
4.33125E+13,319,1,0.7,11.4,9.5,12.4,4.9,10.2,9.7,976.15,0.01,9.53,10.21,121.89
4.33125E+13,365,4,0.3,14.4,9,14.2,3.5,10.4,10,396.12,0.02,9.03,10.36,79.29
4.33125E+13,361,1,0.4,8.8,7.2,13.1,3.9,7.8,8,381.97,0.01,7.19,7.83,31.44
4.33125E+13,454,4,0.7,7.7,7.3,10,3.8,7.7,7.5,1867.42,0,7.29,7.66,135.03
4.33125E+13,27,4,0.5,30,14.3,25,3.9,18.2,15,339.53,0.09,14.34,18.17,827.15
4.33125E+13,33,10,0.2,29.2,21.7,24.6,8.8,23.3,23.2,113.18,0.07,21.68,23.29,306.92
4.33125E+13,28,5,0.7,19.4,14.8,26.9,5,22,15.4,834.68,0.04,14.84,22.04,1275.86
4.33125E+13,30,7,0.3,15.9,12.2,15.8,5.7,14.2,13,297.09,0.02,12.21,14.16,124.97
4.33125E+13,31,8,0.3,13.2,10.2,15.5,1.8,13.7,10.9,466.85,0.02,10.22,13.68,146.01
4.33125E+13,32,9,0.7,15.3,14.5,17.2,10,14.9,14.9,877.12,0.02,14.5,14.95,299.32
4.33125E+13,29,6,0.7,11.2,8.3,14,4.5,10.8,9.8,806.39,0.01,8.27,10.77,168.19
4.33125E+13,452,2,0.3,7.4,5.8,8.2,3.5,6.1,5.7,636.62,0,5.75,6.12,29.56
4.33125E+13,453,3,0.2,6.2,5.2,6.4,3.5,5.5,5.4,381.97,0,5.21,5.47,12.77
4.33125E+13,455,5,0.4,7.8,6.8,10.8,4.7,7.1,7.1,919.56,0.01,6.77,7.15,57.29
4.33125E+13,26,3,0.7,7.3,6.7,9.9,3.8,7.1,7,1301.53,0,6.68,7.13,71.08
4.33125E+13,451,1,0.3,8.6,6.2,9.8,3.7,6.6,6.5,778.09,0.01,6.24,6.61,55.14
4.33125E+13,362,2,0.5,10.8,9.8,18.6,4.1,11.2,11.1,495.15,0.01,9.77,11.24,95.87
4.33125E+13,25,2,0.7,6.4,6.4,10.7,4.1,6.8,6.6,778.09,0,6.36,6.78,42.59
4.33125E+13,363,3,0.7,13.6,11.2,17,6.5,12.5,12.2,452.71,0.02,11.21,12.48,263.5
4.33126E+13,307,3,0.3,12.4,7.8,15,2.5,10.3,9.9,424.41,0.02,7.79,10.34,77.97
4.33126E+13,304,1,0.5,9.3,6.8,10.5,3.6,7.6,7.3,792.24,0.01,6.83,7.58,53.89
4.33126E+13,356,7,0.6,26.5,22.5,27.8,13.5,23.4,22.9,410.27,0.06,22.54,23.35,544.79
4.33126E+13,350,1,0.2,10,7,12.8,3.8,7.5,6.4,240.5,0.01,7.05,7.54,25.85
4.33126E+13,355,6,0.2,8.6,8.1,11.5,5.8,9.2,8.8,311.24,0.01,8.14,9.15,32.01
4.33126E+13,308,4,0.6,24.3,14.5,18.8,7.1,15.1,15.2,240.5,0.05,14.51,15.09,286.54
4.33126E+13,354,5,0.7,23.6,14.5,17.6,11.9,14.7,14.4,169.77,0.05,14.48,14.71,186.39
4.33126E+13,351,2,0.3,25.3,13.2,19.7,6.4,14.3,12,127.32,0.05,13.2,14.35,142.8
4.33126E+13,352,3,0.4,12,8.5,15.5,3.9,11.8,10.3,396.12,0.01,8.47,11.76,110.47
4.33126E+13,353,4,0.7,22.6,16.5,25.6,5.1,20.3,17.6,297.09,0.05,16.46,20.25,291.22
4.33126E+13,306,2,0.2,28.1,14.5,21.4,5.5,18.6,18.8,127.32,0.08,14.5,18.56,248.95
4.33127E+13,144,26,0.3,19,14,25.5,8.3,16.7,15.1,113.18,0.03,14,16.67,98.43
4.33127E+13,488,2,0.7,14.6,10.3,29.3,4.5,11.1,11.4,1598.62,0.02,10.32,11.11,619.69
4.33127E+13,460,4,0.7,17.5,12.1,21.1,5.2,15.7,14.1,820.53,0.03,12.11,15.69,632.54
4.33127E+13,507,71,0.8,12.3,9.5,12.5,4.2,9.9,9.9,962,0.01,9.46,9.94,130.01
4.33127E+13,508,72,0.7,11.3,9.1,14.3,4.5,10.1,9.6,1046.89,0.01,9.13,10.12,124.78
4.33127E+13,520,63,0.7,11.7,10,17.6,4.7,11.8,11.3,1754.24,0.01,10.02,11.83,265.19
4.33127E+13,58,62,0.2,12.6,10.4,19.1,5.3,11.9,11.5,481,0.01,10.41,11.93,95.13
4.33127E+13,517,74,0.5,11.9,10.7,13.8,7,11.3,10.9,990.3,0.01,10.65,11.27,117.77
4.33127E+13,195,37,0.7,13.6,12.2,24.2,5,15.1,12.6,1499.59,0.02,12.21,15.07,386.39
4.33127E+13,151,34,0.3,19.4,16.9,23.5,5.7,20.3,19,367.82,0.03,16.9,20.31,193.4
4.33127E+13,119,31,0.3,22.5,16.7,28,6,22.1,19.3,240.5,0.05,16.66,22.11,186.18
4.33127E+13,127,39,0.3,22.1,16.3,19.9,6.7,17,15.5,339.53,0.04,16.31,17.02,218.42
4.33127E+13,75,24,0.6,22.7,16.3,24.8,8.5,18.7,17.8,452.71,0.05,16.29,18.67,334.6
4.33127E+13,77,26,0.6,22.1,17.8,25,7,19.9,18.7,721.5,0.04,17.76,19.93,466.83
4.33127E+13,142,24,0.3,24.6,20.1,26.5,12.5,21.8,20.2,396.12,0.05,20.06,21.76,333.05
4.33127E+13,125,37,0.6,21.8,16.7,21.8,4.5,17.8,17,481,0.04,16.69,17.79,273.22
4.33127E+13,71,19,0.8,22.9,19,25.8,6.5,20.8,20.2,976.15,0.05,19.02,20.79,839.96
4.33127E+13,143,25,0.8,21.4,20.1,27,5,22,21.1,1075.18,0.04,20.06,21.98,704.04
4.33127E+13,149,31,0.8,24.3,19.8,23.8,12.1,20.7,20.5,707.36,0.05,19.78,20.67,545.34
4.33127E+13,123,35,0.7,17.3,14.6,21,5.3,16.7,15.3,834.68,0.03,14.58,16.7,358.53
4.33127E+13,79,28,0.7,20.7,18,27,10,20.3,19.1,565.88,0.04,18.04,20.29,367.79
4.33127E+13,80,29,0.7,19,18.6,32,8.9,23.5,21.3,481,0.03,18.59,23.46,330.08
4.33127E+13,114,26,0.6,24.1,21.5,26.5,12.3,22.8,22.7,523.44,0.05,21.5,22.82,442.28
4.33127E+13,120,32,0.7,20.6,19.6,36.8,6.5,24.5,22.3,551.74,0.04,19.61,24.47,390.84
4.33127E+13,78,27,0.7,22.7,19.7,31.8,4.5,24.1,20.9,707.36,0.05,19.71,24.08,543.23
4.33127E+13,99,11,0.7,30.1,25.3,30.3,18.5,26.1,26.3,608.33,0.07,25.34,26.07,785.82
4.33127E+13,109,21,0.8,47.9,35.4,39.3,26.4,36.3,35.5,198.06,0.19,35.36,36.27,654.73
4.33127E+13,117,29,0.7,21.6,19.8,28.3,6,22.1,21,466.85,0.04,19.83,22.1,334.26
4.33127E+13,183,48,0.7,11.7,7.3,10.5,4,8.7,8,523.44,0.01,7.32,8.69,95.46
4.33127E+13,172,45,0.5,15.7,10.6,14.3,5.4,11.9,11.2,650.77,0.02,10.6,11.93,233.94
4.33127E+13,173,46,0.6,12,9.6,25,4.8,12.5,10.7,820.53,0.01,9.56,12.49,184.81
4.33127E+13,181,46,0.7,16,11,21.2,4.9,13.4,12.3,862.97,0.02,11.02,13.42,337.8
4.33127E+13,200,40,0.3,12.6,10.1,16.1,6.3,11,10.8,622.47,0.01,10.08,11,126.27
4.33127E+13,171,44,0.3,22.6,15.3,21.5,5.7,18.3,17.3,297.09,0.05,15.34,18.34,273.17
4.33127E+13,489,3,0.8,13.5,12.9,17.3,5.4,13.4,13.2,1768.39,0.02,12.87,13.4,414.55
4.33127E+13,140,22,0.3,34.6,23.8,27.9,21.7,24.3,24.5,141.47,0.1,23.79,24.34,322.52
4.33127E+13,197,39,0.3,23,15.7,26.4,6.6,19.8,18.3,565.88,0.05,15.72,19.81,590.91
4.33127E+13,110,22,0.3,20.9,15.6,25.2,5.3,20.4,18.1,282.94,0.04,15.61,20.39,256.2
4.33127E+13,196,38,0.6,23.3,18.9,22.7,7.9,19.6,19.1,622.47,0.05,18.86,19.59,565.62
4.33127E+13,154,41,0.6,22.5,16,23.6,4.2,18.7,17.4,551.74,0.05,16,18.75,526.52
4.33127E+13,156,43,0.6,22.2,16,23.2,5.4,18.8,18.7,297.09,0.04,16.04,18.82,260.65
4.33127E+13,182,47,0.7,16,15,20.1,5.2,16.4,15.7,580.03,0.02,14.97,16.38,217.92
4.33127E+13,187,56,0.8,21.1,14,26,5,17.6,16.2,820.53,0.04,13.97,17.57,641.76
4.33127E+13,139,21,0.3,29.3,21.8,32.4,8.9,25,22.4,198.06,0.07,21.77,25.03,364.4
4.33127E+13,157,43,0.3,35.4,26.8,32.8,14.7,28.5,26,198.06,0.1,26.82,28.46,506.56
4.33127E+13,155,42,0.3,30.9,24.2,33.8,4,27.1,26.5,325.38,0.08,24.2,27.09,659.89
4.33127E+13,161,49,0.3,25.1,17.1,32.9,3.4,25.8,21.5,198.06,0.07,17.11,25.82,318.37
4.33127E+13,76,25,0.5,24.6,18.2,26.5,8.3,21.2,19.3,297.09,0.05,18.23,21.22,350.59
4.33127E+13,165,51,0.5,41.4,23.4,25.5,15.5,23.8,23.3,183.91,0.14,23.37,23.82,609.57
4.33127E+13,112,24,0.6,30.2,20.7,28.2,10.2,22.9,20.6,339.53,0.08,20.71,22.91,649.95
4.33127E+13,516,72,0.6,21.7,19.8,26.1,5.5,22.2,22.1,806.39,0.04,19.8,22.15,690.04
4.33127E+13,189,58,0.7,40.9,21.8,26.4,10,24.4,23.5,155.62,0.16,21.84,24.37,524.78
4.33127E+13,467,91,0.7,24,15.3,29.2,4.7,23.3,17.8,254.65,0.06,15.26,23.27,356.69
4.33127E+13,146,28,0.3,6.2,6.6,9.5,4.7,6.6,6.5,268.8,0,6.56,6.63,4.15
4.33127E+13,170,56,0.3,7.5,6.3,7.5,4.2,6.5,6.5,438.56,0,6.32,6.54,15.08
4.33127E+13,475,99,0.5,8.4,7.8,13.4,2.7,9.1,8.4,693.21,0.01,7.81,9.12,33.37
4.33127E+13,458,2,0.4,10.7,6.2,9.4,2.1,7.9,7.4,198.06,0.01,6.25,7.85,16.96
4.33127E+13,459,3,0.4,7.2,5.4,7.8,4.1,6,5.6,325.38,0,5.39,5.96,15.43
4.33127E+13,137,19,0.3,14.8,9.8,13,5.1,11.2,10.1,198.06,0.02,9.79,11.16,40.84
4.33127E+13,135,15,0.5,13.4,9.6,13,6,10.6,10.2,240.5,0.02,9.64,10.58,35.48
4.33127E+13,178,43,0.4,44.5,21.2,29.2,6.7,25.1,21.7,155.62,0.17,21.21,25.11,823.77
4.33127E+13,179,44,0.4,31,20.3,23.2,15.4,20.5,20.2,113.18,0.08,20.3,20.54,190.58
4.33127E+13,148,30,0.3,67.3,38.4,42.1,35.4,39.1,38.6,56.59,0.36,38.43,39.06,1088.48
4.33127E+13,150,32,0.3,61.4,38.1,43.1,35.1,39,39.1,56.59,0.31,38.1,39.02,932.26
4.33127E+13,65,12,0.5,41.2,23.8,26.1,20,24.1,23.6,99.03,0.14,23.84,24.09,383.38
4.33127E+13,129,9,0.5,42.9,27.6,33.8,21,28.6,27.4,169.77,0.15,27.6,28.6,881.36
4.33127E+13,130,10,0.7,36.7,26.3,32,16.5,26.9,26.4,339.53,0.11,26.3,26.93,1208.01
4.33127E+13,121,33,0.7,33.6,27.4,37.8,8.1,31.5,30.5,155.62,0.1,27.37,31.53,618.45
4.33127E+13,521,64,0.7,9,7.9,15.1,4.2,9.5,9.1,2249.39,0.01,7.91,9.52,267.65
4.33127E+13,512,61,0.3,14.2,13.2,16.9,6.5,14,13.8,1061.03,0.02,13.2,13.98,411.45
4.33127E+13,513,62,0.8,15,14.1,20.2,4.1,15.3,14.9,1160.06,0.02,14.15,15.34,561.31
4.33127E+13,21,57,0.7,12.9,10.9,16.7,3.9,13.5,12.7,976.15,0.02,10.85,13.5,321.72
4.33127E+13,515,71,0.7,15.2,12.6,18.4,4.7,14.6,14,947.86,0.02,12.6,14.57,465.49
4.33127E+13,15,51,0.3,24.9,17.6,23.1,4.8,19.6,18.4,367.82,0.05,17.6,19.65,610.42
4.33127E+13,17,53,0.3,19.1,17.1,27.3,10.1,18.8,18.6,763.94,0.03,17.08,18.79,669.76
4.33127E+13,23,59,0.3,23.7,14.4,20.6,4,17.2,14.5,381.97,0.05,14.37,17.23,544.47
4.33127E+13,514,70,0.5,16.5,15.5,22.8,4.5,18.2,17.2,749.8,0.02,15.47,18.18,537.66
4.33127E+13,18,60,0.4,28.4,19.9,25.7,4.8,22,20.3,254.65,0.07,19.92,21.97,615.7
4.33127E+13,24,60,0.5,26.7,19.7,25.2,7,21.5,19.7,410.27,0.06,19.75,21.53,849.92
4.33127E+13,19,61,0.8,25.1,20,24.8,13.5,20.8,20.1,452.71,0.05,19.96,20.78,757.72
4.33127E+13,20,62,0.8,20.7,16.3,24.3,6,19.8,17.8,466.85,0.04,16.3,19.82,540.62
4.33127E+13,16,52,0.7,26,20.4,24.4,7,21.8,20.6,481,0.06,20.39,21.83,928.79
4.33127E+13,501,68,0.3,16.4,9.1,11.3,4.7,9.6,9.3,381.97,0.02,9.15,9.58,114.15
4.33127E+13,505,59,0.3,15.5,9.9,14.5,4.7,11.4,10.8,481,0.02,9.9,11.45,165.96
4.33127E+13,56,54,0.4,10.2,9,12.8,4.7,9.9,9.5,1400.56,0.01,9.02,9.86,199.88
4.33127E+13,506,60,0.5,13.5,9.5,13.5,4.3,10.5,10.4,1004.44,0.02,9.48,10.53,227.03
4.33127E+13,496,66,0.7,14.3,9.1,14.4,4.2,10.2,9.6,1089.33,0.02,9.11,10.18,271.72
4.33127E+13,503,70,0.8,14.9,10.3,12.4,5.2,10.6,10.5,1202.5,0.02,10.32,10.63,279.01
4.33127E+13,504,58,0.7,15.2,10.3,13.7,4.7,11,11,947.86,0.02,10.29,10.98,265.97
4.33127E+13,499,66,0.4,13.6,10,12.8,4.8,10.2,10.2,608.33,0.02,9.96,10.22,111.22
4.33127E+13,57,61,0.3,14.6,10.9,16,7.2,12,11.4,396.12,0.02,10.86,11.96,106.41
4.33127E+13,490,64,0.3,16.3,11,17,4.1,12.9,12,580.03,0.02,11.05,12.86,229.63
4.33127E+13,494,56,0.6,13.7,9.6,16.6,4.1,11.9,10.8,1145.92,0.02,9.62,11.89,295.94
4.33127E+13,495,57,0.6,14.5,10.4,17.9,3.9,11.2,11.2,962,0.02,10.39,11.24,253.93
4.33127E+13,498,65,0.9,15.8,11.4,15,6.3,11.9,11.7,1145.92,0.02,11.41,11.94,322.08
4.33127E+13,500,67,0.8,14.1,10.4,13.1,7.2,10.7,10.5,1131.77,0.02,10.41,10.67,204.95
4.33127E+13,522,1,0.7,12.8,11.2,15.8,6.4,11.7,11.6,1117.62,0.01,11.17,11.66,174.32
4.33127E+13,523,2,0.7,14,12.4,16.5,4.3,13.1,12.8,1188.36,0.02,12.43,13.07,309.61
4.33127E+13,502,69,0.4,17.5,13.6,19.5,7.5,14.3,14.2,820.53,0.03,13.61,14.3,319.93
4.33127E+13,493,55,0.5,18.9,13.1,18.2,4.8,14.8,14.1,537.59,0.03,13.11,14.81,295.58
4.33127E+13,492,63,0.5,14.9,12.1,18.2,3.8,14.1,13.1,891.27,0.02,12.08,14.06,307.09
4.33127E+13,497,67,0.6,14.3,12.2,15.3,4,13.7,11.9,820.53,0.02,12.18,13.69,253.76
4.33127E+13,511,69,0.6,15.8,13.2,17.5,3.8,14.4,13.9,1287.39,0.02,13.17,14.43,499.77
4.33127E+13,491,65,0.7,16.4,12.1,17.7,5.2,13.8,13,1145.92,0.02,12.1,13.8,463.01
4.33127E+13,510,68,0.7,16.2,13.7,17.6,5.1,14.7,14.2,1244.95,0.02,13.69,14.72,501.8
4.33127E+13,167,53,0.3,9.1,6.4,27.2,4,16.8,13.5,495.15,0.01,6.44,16.82,117.99
4.33127E+13,168,54,0.3,8.3,5.8,17.6,3.1,9.7,6.3,424.41,0.01,5.76,9.69,41.77
4.33127E+13,169,55,0.7,11.6,9.1,24.9,4.1,16.7,13.2,537.59,0.02,9.08,16.73,217.22
4.33127E+13,81,30,0.3,24.7,12.8,20.5,9,15.1,13.2,183.91,0.06,12.84,15.11,256.84
4.33127E+13,82,31,0.3,29.8,15.7,31,9.6,16.9,17,226.35,0.08,15.66,16.92,502.22
4.33127E+13,87,36,0.4,22.3,11.8,14.5,8,12.5,12.5,198.06,0.04,11.79,12.51,179.24
4.33127E+13,83,32,0.5,30.9,13.3,18.5,9.3,13.9,12.9,198.06,0.08,13.29,13.91,370.63
4.33127E+13,166,54,0.5,25.4,15.4,24.5,4.5,18.4,16.5,339.53,0.06,15.45,18.44,557.2
4.33127E+13,153,36,0.6,16.8,15,27.1,7.8,18.2,15.4,353.68,0.03,14.97,18.2,260.22
4.33127E+13,122,34,0.4,23.5,13.2,18.3,3.7,15.6,15.3,141.47,0.05,13.15,15.55,191.7
4.33127E+13,176,41,0.7,30.7,14.6,22.4,4.5,16.8,15.9,212.21,0.08,14.61,16.79,470.58
4.33127E+13,177,42,0.8,31.1,14.5,21,7.1,16.4,14.3,212.21,0.08,14.52,16.37,438.82
4.33127E+13,188,57,0.7,22.6,13.9,20.5,0,16.5,15.8,297.09,0.05,14.57,16.53,357.21
4.33127E+13,72,21,0.4,30.3,19.8,26,10,20.9,19.9,438.56,0.08,19.81,20.86,746.34
4.33127E+13,74,23,0.2,30.9,19.3,23.5,12.5,20.4,19.8,183.91,0.08,19.34,20.36,399.5
4.33127E+13,88,37,0.3,32.2,15.2,21.5,4.5,18.2,16.9,127.32,0.11,15.19,18.18,357.75
4.33127E+13,85,34,0.7,33,17,21,6,18.2,18.1,183.91,0.1,16.96,18.17,366.23
4.33127E+13,86,35,0.6,25.9,14.4,24,6,18.4,17.5,297.09,0.06,14.45,18.37,457.56
4.33127E+13,89,38,0.7,25.3,13.6,18,7,15.9,15.3,198.06,0.06,13.57,15.9,228.9
4.33127E+13,141,23,0.7,26.2,18.6,35,13,22.1,21.4,325.38,0.06,18.59,22.09,554.34
4.33127E+13,63,10,0.7,20.5,16.8,25.6,7.4,19.1,18,1018.59,0.04,16.83,19.07,836.97
4.33127E+13,64,11,0.7,21,16,28,5.7,19.8,18.1,792.24,0.04,15.98,19.78,837.81
4.33127E+13,92,4,0.8,20.6,17.9,37.4,8.6,23.7,20,679.06,0.04,17.88,23.66,950.82
4.33127E+13,61,8,0.3,36.8,20.9,26.7,10.8,22.7,21.5,113.18,0.11,20.88,22.7,432.02
4.33127E+13,84,33,0.3,22.2,14.6,23.7,8.2,19.6,18.2,70.74,0.05,14.58,19.59,110.29
4.33127E+13,469,93,0.4,21.4,14.7,27.9,5.4,19.5,17.3,523.44,0.05,14.75,19.51,604.95
4.33127E+13,470,94,0.3,22.1,14,25.5,4.8,20,20.4,410.27,0.05,13.99,19.98,527.65
4.33127E+13,66,14,0.7,26.7,19.2,26,11.8,21.8,21,410.27,0.07,19.18,21.82,809.46
4.33127E+13,67,15,0.6,35.3,20.8,26.5,6.5,22.6,22.2,212.21,0.11,20.82,22.6,835.33
4.33127E+13,68,16,0.6,28.6,18.7,28.9,5.2,23.1,21.8,311.24,0.08,18.7,23.14,843.73
4.33127E+13,93,5,0.7,20,15.1,28.4,4,19.7,17.6,877.12,0.04,15.06,19.71,1557.8
4.33127E+13,465,89,0.2,10.6,6.8,12.2,4.2,8.7,7.8,396.12,0.01,6.77,8.73,44.48
4.33127E+13,457,1,0.5,10.1,6.4,11.3,4.6,7,6.6,481,0.01,6.44,6.95,59.98
4.33127E+13,509,73,0.6,13.5,9.7,13,2.7,10.6,9.9,537.59,0.02,9.71,10.56,106.04
4.33127E+13,519,76,0.7,14.3,9.6,13.1,4.2,10.4,9.9,679.06,0.02,9.65,10.44,151.21
4.33127E+13,160,46,0.7,14.4,12,21.2,5.3,14.6,13.5,1075.18,0.02,11.95,14.65,300.3
4.33127E+13,159,45,0.3,22.6,16.1,30.2,7.8,21.3,20.1,594.18,0.05,16.12,21.29,589.76
4.33127E+13,113,25,0.3,23.3,18.4,26.7,5.7,21.1,19,297.09,0.05,18.35,21.05,293.63
4.33127E+13,518,75,0.8,14.7,14.1,21,7,16.3,15.1,1188.36,0.02,14.06,16.31,400.07
4.33127E+13,201,47,0.3,24,16.1,27.3,5.4,20.2,18.1,551.74,0.06,16.15,20.22,626.88
4.33127E+13,115,27,0.4,23.4,19.8,30.8,9.3,23.4,22.1,452.71,0.05,19.78,23.39,430.23
4.33127E+13,164,52,0.3,32.1,19.2,27.6,4.1,23.1,21.9,212.21,0.1,19.21,23.08,448.75
4.33127E+13,22,58,0.3,26.1,19.2,25.5,6.3,21.9,21.1,297.09,0.06,19.19,21.9,492.95
4.33127E+13,468,92,0.6,19.1,14.2,26.9,5.1,19.9,16.2,537.59,0.04,14.21,19.9,399.22
4.33127E+13,474,98,0.7,19,11.4,23.5,3.6,17.7,14.4,523.44,0.04,11.39,17.65,401.37
4.33127E+13,145,27,0.5,36.8,26.3,34.7,10.5,28.3,28.3,226.35,0.11,26.28,28.31,570.9
4.33127E+13,472,96,0.2,10.9,6.8,12.7,2.7,8.5,7.1,438.56,0.01,6.77,8.53,53.47
4.33127E+13,464,88,0.4,7.3,6.5,9.3,3.5,7,7.1,749.8,0,6.52,7.02,40.69
4.33127E+13,180,45,0.5,11.8,8.2,22.4,4.5,13.2,10.5,353.68,0.02,8.24,13.24,85.26
4.33127E+13,185,50,0.6,11.3,8.3,12.8,5,9.8,8.8,622.47,0.01,8.29,9.77,97.64
4.33127E+13,199,42,0.5,9.6,8.1,14.1,4.3,9.2,8.9,933.71,0.01,8.11,9.25,115.91
4.33127E+13,174,47,0.8,10.7,9,17,4,10.6,9.5,933.71,0.01,8.96,10.65,149.72
4.33127E+13,124,36,0.3,20.8,14.3,21.2,6,15.4,13.9,297.09,0.04,14.27,15.4,177.44
4.33127E+13,158,44,0.5,20,14,24.1,4,18.9,17,381.97,0.04,14.01,18.95,330.4
4.33127E+13,186,55,0.7,19.9,13.2,19.6,5.9,15.1,13.9,650.77,0.04,13.16,15.14,505.18
4.33127E+13,59,6,0.4,22.7,16.8,19.7,9.6,17.3,16.8,268.8,0.04,16.75,17.26,241.03
4.33127E+13,94,6,0.3,18.5,15,21.2,4.5,17.4,14.3,339.53,0.03,15.01,17.36,170.85
4.33127E+13,95,7,0.3,22.6,14.9,26,5,19.9,18.8,198.06,0.05,14.95,19.89,221.75
4.33127E+13,100,12,0.3,23.6,17.5,26.5,5.6,22.3,20.9,226.35,0.06,17.46,22.28,328.95
4.33127E+13,138,20,0.5,19.1,16.8,32,5.3,21.4,20.9,565.88,0.03,16.75,21.4,470.49
4.33127E+13,107,19,0.6,19.5,17.2,32,7.8,20.4,20.3,650.77,0.03,17.16,20.41,598.74
4.33127E+13,91,40,0.8,20.6,15.6,21.3,8.2,16.6,16.5,537.59,0.04,15.57,16.6,384.84
4.33127E+13,152,35,0.7,19.4,18,32.4,5.4,22.2,20.9,650.77,0.03,18.04,22.24,543.38
4.33127E+13,126,38,0.7,19.4,16.1,27.4,6.7,18.2,17,565.88,0.03,16.06,18.16,411.51
4.33127E+13,62,9,0.3,32.6,20.8,30.8,7,24,23.1,240.5,0.09,20.77,23.97,636.06
4.33127E+13,73,22,0.3,27.9,19.7,27,12.2,21.7,19.9,226.35,0.06,19.72,21.67,375.38
4.33127E+13,192,8,0.4,44.1,26.7,32.9,20,28,27.2,113.18,0.16,26.69,28.05,635.15
4.33127E+13,147,29,0.6,34.5,23.8,38.7,7.4,30.8,27.7,311.24,0.11,23.77,30.84,1303.76
4.33127E+13,97,9,0.3,46.6,27.2,39,19,27.8,30,84.88,0.17,27.23,27.81,501.98
4.33127E+13,98,10,0.4,40.9,27.2,34.7,18.5,28.9,28,113.18,0.14,27.23,28.95,471.9
4.33127E+13,111,23,0.3,30.3,21.6,27.5,9.4,23.1,21.7,169.77,0.08,21.58,23.11,344.66
4.33127E+13,162,50,0.3,28.6,21.6,27.8,9.1,22.9,21.9,381.97,0.07,21.59,22.91,637.1
4.33127E+13,466,90,0.7,34.5,24.6,31.3,14,26.5,26.1,297.09,0.1,24.56,26.53,878.2
4.33127E+13,132,12,0.5,34.4,22,25,15.1,22.4,22.9,226.35,0.1,22.02,22.44,502.04
4.33127E+13,136,16,0.6,35.6,22.5,29.6,7.9,23.7,23.6,169.77,0.11,22.48,23.74,496.28
4.33127E+13,108,20,0,51.8,32.7,40,24.5,35.4,30.5,56.59,0.23,32.73,35.4,275.3
4.33127E+13,193,17,0.7,22.7,20.2,30,9,25.4,24.8,551.74,0.05,20.16,25.39,852.53
4.33127E+13,194,18,0.7,20.9,21.8,32,9.6,25.1,24.9,877.12,0.04,21.84,25.15,808.26
4.33127E+13,106,18,0.7,19.6,21.4,39.6,9.2,25.4,25.9,877.12,0.03,21.39,25.43,814.73
4.33127E+13,471,95,0.2,8.5,4.8,8.7,2.9,5.2,5.1,396.12,0.01,4.77,5.23,22.13
4.33127E+13,462,6,0.3,7.2,5.5,7.8,3.6,5.6,5.4,438.56,0,5.46,5.57,36.57
4.33127E+13,463,7,0.5,8.1,6.5,11.4,4.3,6.9,6.7,537.59,0.01,6.55,6.85,105.07
4.33127E+13,461,5,0.7,8.9,5.9,8.9,2.5,6.5,6.1,650.77,0.01,5.93,6.53,103.48
4.33127E+13,204,50,0.2,8.8,7.6,11,4.3,8.1,7.8,240.5,0.01,7.63,8.12,28.09
4.33127E+13,203,49,0.4,7.8,7.3,12.3,3.7,8.5,8,580.03,0.01,7.28,8.46,50.31
4.33127E+13,473,97,0.7,14,7.5,18.5,3.5,10.6,8.1,381.97,0.02,7.47,10.62,73.49
4.33127E+13,60,7,0.3,17.1,10.8,18.5,5,12.9,11.4,226.35,0.03,10.81,12.91,141.99
4.33127E+13,202,48,0.3,18.1,11.3,22.7,4.5,14.7,13.5,424.41,0.03,11.31,14.74,321.79
4.33127E+13,128,40,0.3,17.3,11,20.8,4.7,15.7,13.2,240.5,0.03,10.98,15.67,168.59
4.33127E+13,198,41,0.5,11.1,10.4,16.7,4,11.7,11.2,933.71,0.01,10.43,11.72,145.81
4.33127E+13,102,14,0.5,14.6,13,35.2,3.3,21.3,18.8,481,0.02,12.98,21.26,261.72
4.33127E+13,175,48,0.6,12,10.8,15.2,5.1,11.9,11.4,735.65,0.01,10.77,11.9,167.46
4.33127E+13,184,49,0.7,11.9,10,14.9,4.8,11.4,10.9,820.53,0.01,10.01,11.38,145.95
4.33127E+13,96,8,0.3,27.7,17.6,31.3,8.5,22,19,155.62,0.07,17.63,22.01,368.27
4.33127E+13,163,51,0.3,19,15.4,21.2,5.2,17.7,16.9,169.77,0.03,15.4,17.69,74.78
4.33127E+13,131,11,0.6,24.4,16.1,25.9,7,19.2,16.9,325.38,0.05,16.09,19.16,379.47
4.33127E+13,134,14,0.6,23.5,14.3,30,4.5,23,19.4,226.35,0.06,14.33,22.98,514.6
4.33127E+13,104,16,0.4,18.4,12.9,22.7,4.3,17.8,14.7,325.38,0.04,12.89,17.83,288.47
4.33127E+13,90,39,0.8,22.2,17,22,10.5,17.5,16.7,424.41,0.04,17.02,17.53,407.12
4.33127E+13,101,13,0.8,26.4,15.5,37.5,5,23,20.7,282.94,0.07,15.54,23.01,673.36
4.33127E+13,190,6,0.3,34,20.9,33.9,10,30.2,25,113.18,0.13,20.91,30.17,618.54
4.33127E+13,191,7,0.3,44.1,28.4,33.6,23.1,29.5,28.4,99.03,0.16,28.44,29.45,697.5
4.33127E+13,69,17,0.7,26.7,16.9,27.6,5.6,21.2,19.1,381.97,0.07,16.89,21.25,820.49
4.33127E+13,70,18,0.7,27.9,21.2,28,9,24.4,23.3,297.09,0.07,21.19,24.36,687.23
4.33127E+13,133,13,0.5,27.7,19.1,31,6.7,25.1,21.1,268.8,0.08,19.12,25.12,819.14
4.33127E+13,103,15,0,18.1,15.1,28.6,7,22.1,19.4,410.27,0.03,15.13,22.06,393.7
4.33127E+13,105,17,0.7,39.1,17.5,26.8,4.9,24.6,24.4,113.18,0.19,17.5,24.65,787.04
4.33127E+13,116,28,0,28.2,20.6,27.9,4,23.4,22.8,169.77,0.07,20.57,23.37,364.04
4.33127E+13,118,30,0,41.6,23.8,34,4,28.3,27.7,169.77,0.17,23.83,28.34,1096.01
4.33127E+14,205,104,0.3,21.6,16.6,22.2,7.8,18.6,18,353.68,0.04,16.61,18.64,208.68
4.33127E+14,206,105,0.3,26.2,18.9,23.2,10.3,19.8,19.6,325.38,0.06,18.91,19.85,260.62
4.33127E+14,207,106,0.4,22.5,20.8,29.5,4.3,23.2,22.5,481,0.04,20.78,23.22,300.37
4.33127E+14,208,107,0.3,22.1,20.7,30.8,10.1,22.8,20.9,537.59,0.04,20.68,22.8,313.9
4.33127E+14,479,103,0.2,8.9,7.3,14.9,3.6,10.2,8.6,396.12,0.01,7.3,10.24,29.63
4.33127E+14,477,101,0.5,8,5.6,12.7,2.1,6.9,6.4,707.36,0.01,5.55,6.92,311.61
4.33127E+14,478,102,0.5,6.9,4.6,5.9,3.3,4.7,4.7,707.36,0,4.62,4.75,28.81
4.33127E+14,476,100,0.7,7,5.3,11,3,6.3,6,820.53,0,5.25,6.33,214.62
